"Symbol","Synonym Symbol","Scientific Name with Author","Common Name","Family"
"NAAM","ABAM4","Abama americana (Ker Gawl.) Morong","","Liliaceae"
"NAAM","ABMO3","Abama montana Small","","Liliaceae"
"ABGR4","","Abelia ×grandiflora (Rovelli ex André) Rehder","glossy abelia","Caprifoliaceae"
"ABELI","","Abelia R. Br.","abelia","Caprifoliaceae"
"ABES","","Abelmoschus esculentus (L.) Moench","okra","Malvaceae"
"ABMA9","","Abelmoschus manihot (L.) Medik. [excluded]","NULL","Malvaceae"
"ABELM","","Abelmoschus Medik.","okra","Malvaceae"
"ABMO","","Abelmoschus moschatus Medik.","musk okra","Malvaceae"
"DOCA3","ABCA4","Aberia caffra Hook. f. & Harv.","","Flacourtiaceae"
"DOHE2","ABGA","Aberia gardneri D. Clos","","Flacourtiaceae"
"ABAL3","","Abies alba Mill.","silver fir","Pinaceae"
"ABAM","","Abies amabilis (Douglas ex Loudon) Douglas ex Forbes","Pacific silver fir","Pinaceae"
"ABLAA","ABAR2","Abies arizonica Merriam","","Pinaceae"
"ABBA","","Abies balsamea (L.) Mill.","balsam fir","Pinaceae"
"ABLAL","ABBAL","Abies balsamea (L.) Mill. ssp. lasiocarpa (Hook.) B. Boivin","","Pinaceae"
"ABBAB","","Abies balsamea (L.) Mill. var. balsamea","balsam fir","Pinaceae"
"ABLAL","ABBAF","Abies balsamea (L.) Mill. var. fallax (Engelm.) B. Boivin","","Pinaceae"
"ABBAP","","Abies balsamea (L.) Mill. var. phanerolepis Fernald","NULL","Pinaceae"
"ABLAL","ABBI3","Abies bifolia A. Murray bis","","Pinaceae"
"ABBR","","Abies bracteata (D. Don) D. Don ex Poit.","bristlecone fir","Pinaceae"
"ABCO","","Abies concolor (Gord. & Glend.) Lindl. ex Hildebr.","white fir","Pinaceae"
"ABCO","ABCOC","Abies concolor (Gord. & Glend.) Lindl. ex Hildebr. var. concolor","","Pinaceae"
"ABLO","ABCOL","Abies concolor (Gord. & Glend.) Lindl. ex Hildebr. var. lowiana (Gord. & Glend.) Lemmon","","Pinaceae"
"ABFR","","Abies fraseri (Pursh) Poir.","Fraser fir","Pinaceae"
"ABGR","","Abies grandis (Douglas ex D. Don) Lindl.","grand fir","Pinaceae"
"ABGR","ABGRJ","Abies grandis (Douglas ex D. Don) Lindl. f. johnsonii O.V. Matthews","","Pinaceae"
"ABGR","ABGRI2","Abies grandis (Douglas ex D. Don) Lindl. ssp. idahoensis (Silba) Silba","","Pinaceae"
"ABGR","ABGRG","Abies grandis (Douglas ex D. Don) Lindl. var. grandis ","","Pinaceae"
"ABGR","ABGRI","Abies grandis (Douglas ex D. Don) Lindl. var. idahoensis Silba","","Pinaceae"
"ABGU","","Abies guatemalensis Rehder","Guatemalan fir","Pinaceae"
"ABHO","","Abies homolepis Siebold & Zucc.","Nikko fir","Pinaceae"
"ABLA","","Abies lasiocarpa (Hook.) Nutt.","subalpine fir","Pinaceae"
"ABLAA","","Abies lasiocarpa (Hook.) Nutt. var. arizonica (Merriam) Lemmon","corkbark fir","Pinaceae"
"ABLAL","","Abies lasiocarpa (Hook.) Nutt. var. lasiocarpa","subalpine fir","Pinaceae"
"ABLO","","Abies lowiana (Gordon & Glend.) A. Murray bis","Sierra white fir","Pinaceae"
"ABMA","","Abies magnifica A. Murray bis","California red fir","Pinaceae"
"ABMAS","ABMAS2","Abies magnifica A. Murray bis ssp. shastensis (Lemmon) Silba","","Pinaceae"
"ABMAS","ABMAC","Abies magnifica A. Murray bis var. critchfieldii Lanner","","Pinaceae"
"ABMAM","","Abies magnifica A. Murray bis var. magnifica ","California red fir","Pinaceae"
"ABMAS","","Abies magnifica A. Murray bis var. shastensis Lemmon","Shasta red fir","Pinaceae"
"ABIES","","Abies Mill.","fir","Pinaceae"
"ABPR","ABNO","Abies nobilis (Douglas ex D. Don) Lindl.","","Pinaceae"
"ABBAP","ABPH","Abies ×phanerolepis (Fernald) Liu","","Pinaceae"
"ABPR","","Abies procera Rehder","noble fir","Pinaceae"
"ABMAS","ABSH","Abies ×shastensis (Lemmon) Lemmon","","Pinaceae"
"ABLAL","ABSU","Abies subalpina Engelmann","","Pinaceae"
"ABVE2","","Abies veitchii Lindl.","Christmastree","Pinaceae"
"ABBR","ABVE","Abies venusta (Douglas) K. Koch","","Pinaceae"
"ABAB70","","Abietinella abietina (Hedw.) Fleisch.","abietinella moss","Thuidiaceae"
"ABIET","","Abietinella Müll. Hal.","abietenella moss","Thuidiaceae"
"ABOV","ABMO4","Abildgaardia monostachya (L.) Vahl","","Cyperaceae"
"ABOV","","Abildgaardia ovata (Burm. f.) Kral","flatspike sedge","Cyperaceae"
"ABILD","","Abildgaardia Vahl","sedge","Cyperaceae"
"ABSA2","ABSA4","Abortopetalum sandwicense O. Deg.","","Malvaceae"
"ABUMB","ABAC","Abronia acutalata Standl.","","Nyctaginaceae"
"ABUMU","ABAL2","Abronia alba Eastw.","","Nyctaginaceae"
"ABAL","","Abronia alpina Brandegee","Ramshaw Meadows sand verbena","Nyctaginaceae"
"ABAM2","","Abronia ameliae Lundell","Amelia's sand verbena","Nyctaginaceae"
"ABAM3","","Abronia ammophila Greene","Wyoming sand verbena","Nyctaginaceae"
"ABAN","","Abronia angustifolia Greene","purple sand verbena","Nyctaginaceae"
"ABAN","ABANA","Abronia angustifolia Greene var. arizonica (Standl.) Kearney & Peebles","","Nyctaginaceae"
"ABAR","","Abronia argillosa S.L. Welsh & Goodrich","clay sand verbena","Nyctaginaceae"
"ABBI","","Abronia bigelovii Heimerl","Galisteo sand verbena","Nyctaginaceae"
"ABBO","","Abronia bolackii N.D. Atwood, S.L. Welsh & K.D. Heil","Bolack's sand verbena","Nyctaginaceae"
"ABUMB","ABBR2","Abronia breviflora Standl.","","Nyctaginaceae"
"ABCA","","Abronia carletonii J.M. Coult. & Fisher","Carleton's sand verbena","Nyctaginaceae"
"TRCAC7","ABCA3","Abronia carnea Greene","","Nyctaginaceae"
"TRCR5","ABCR","Abronia crux-maltae Kellogg","","Nyctaginaceae"
"TRMI6","ABCY2","Abronia cycloptera A. Gray","","Nyctaginaceae"
"ABEL","","Abronia elliptica A. Nelson","fragrant white sand verbena","Nyctaginaceae"
"ABTU","ABEX","Abronia exalata Standl.","","Nyctaginaceae"
"ABAM3","ABFE","Abronia fendleri Standl.","","Nyctaginaceae"
"ABFR2","","Abronia fragrans Nutt. ex Hook.","snowball sand verbena","Nyctaginaceae"
"ABEL","ABFRE2","Abronia fragrans Nutt. ex Hook. var. elliptica (A. Nelson) M.E. Jones","","Nyctaginaceae"
"ABFR2","ABFRG2","Abronia fragrans Nutt. ex Hook. var. glaucescens A. Nelson","","Nyctaginaceae"
"ABGR2","","Abronia gracilis Benth.","slender sand verbena","Nyctaginaceae"
"ABIN2","","Abronia insularis Standl.","island sand verbena","Nyctaginaceae"
"ABRON","","Abronia Juss.","sand verbena","Nyctaginaceae"
"ABLA2","","Abronia latifolia Eschsch.","coastal sand verbena","Nyctaginaceae"
"ABMA5","","Abronia macrocarpa L.A. Galloway","largefruit sand verbena","Nyctaginaceae"
"ABMA2","","Abronia maritima Nutt. ex S. Watson","red sand verbena","Nyctaginaceae"
"ABME","","Abronia mellifera Douglas ex Hook.","white sand verbena","Nyctaginaceae"
"TRMI6","ABMI3","Abronia micrantha Torr.","","Nyctaginaceae"
"TRMI6","ABMIP","Abronia micrantha Torr. var. pedunculata M.E. Jones","","Nyctaginaceae"
"ABMI2","","Abronia minor Standl.","little sand verbena","Nyctaginaceae"
"ABNA","","Abronia nana S. Watson","dwarf sand verbena","Nyctaginaceae"
"ABNAC","ABNAC2","Abronia nana S. Watson ssp. covillei (Heimerl) Munz","","Nyctaginaceae"
"ABNAC","","Abronia nana S. Watson var. covillei (Heimerl) Munz","Coville's dwarf sand verbena","Nyctaginaceae"
"ABNAH","","Abronia nana S. Watson var. harrisii S.L. Welsh","Harris' dwarf sand verbena","Nyctaginaceae"
"ABNAN","ABNAL","Abronia nana S. Watson var. lanciformis M.E. Jones","","Nyctaginaceae"
"ABNAN","","Abronia nana S. Watson var. nana","dwarf sand verbena","Nyctaginaceae"
"ABNE","","Abronia neurophylla Standl.","beach sand verbena","Nyctaginaceae"
"ABTU","ABOR2","Abronia orbiculata Standl.","","Nyctaginaceae"
"ABVIA","ABPI2","Abronia pinetorum Abrams","","Nyctaginaceae"
"ABUMU","ABPL","Abronia platyphylla Standl.","","Nyctaginaceae"
"ABPO","","Abronia pogonantha Heimerl","Mojave sand verbena","Nyctaginaceae"
"ABEL","ABPU2","Abronia pumila Rydb.","","Nyctaginaceae"
"ABEL","ABRA","Abronia ramosa Standl.","","Nyctaginaceae"
"ABEL","ABSA3","Abronia salsa Rydb.","","Nyctaginaceae"
"ABAN","ABTO","Abronia torreyi Standl.","","Nyctaginaceae"
"ABTU","","Abronia turbinata Torr. ex S. Watson","transmontane sand verbena","Nyctaginaceae"
"ABUM","","Abronia umbellata Lam.","pink sand verbena","Nyctaginaceae"
"ABUMB","ABUMA2","Abronia umbellata Lam. ssp. acutalata (Standl.) Tillett","","Nyctaginaceae"
"ABUMU","ABUMA4","Abronia umbellata Lam. ssp. alba (Eastw.) Munz","","Nyctaginaceae"
"ABUMB","","Abronia umbellata Lam. ssp. breviflora (Standl.) Munz","pink sand verbena","Nyctaginaceae"
"ABUMU","ABUMP","Abronia umbellata Lam. ssp. platyphylla (Standl.) Munz","","Nyctaginaceae"
"ABUMU","","Abronia umbellata Lam. ssp. umbellata","pink sand verbena","Nyctaginaceae"
"ABUMU","ABUMV","Abronia umbellata Lam. ssp. variabilis (Standl.) Munz","","Nyctaginaceae"
"ABUMB","ABUMA3","Abronia umbellata Lam. var. acutalata (Standl.) C.L. Hitchc.","","Nyctaginaceae"
"ABUMU","ABVA","Abronia variabilis Standl.","","Nyctaginaceae"
"ABVI","","Abronia villosa S. Watson","desert sand verbena","Nyctaginaceae"
"ABVIA","","Abronia villosa S. Watson var. aurita (Abrams) Jeps.","desert sand verbena","Nyctaginaceae"
"ABVIV","","Abronia villosa S. Watson var. villosa","desert sand verbena","Nyctaginaceae"
"ABBE2","","Abrothallus bertianus De Not.","NULL","NULL"
"ABBR3","","Abrothallus bryoriarum Hafellner","NULL","NULL"
"ABCE","","Abrothallus cetrariae Kotte","NULL","NULL"
"ABCL","","Abrothallus cladoniae R. Sant. & D. Hawksw.","NULL","NULL"
"ABROT","","Abrothallus De Not.","abrothallus lichen","NULL"
"PHOXO","ABOX","Abrothallus oxysporus Tul.","","Lecanoraceae"
"ABPA5","","Abrothallus parmeliarum (Sommerf.) Arnold","parmelia abrothallus lichen","NULL"
"ABPE2","","Abrothallus peyritschii (Stein) Kotte","NULL","NULL"
"ABPR5","","Abrothallus prodiens (Harm.) Diederich & Hafellner","NULL","NULL"
"LIMA15","ABUS","Abrothallus usneae auct.","","Lichenotheliaceae"
"ABWE","","Abrothallus welwitschii Tul.","NULL","NULL"
"ABPR3","ABAB2","Abrus abrus (L.) W. Wight","","Fabaceae"
"ABRUS","","Abrus Adans.","abrus","Fabaceae"
"ABPR3","","Abrus precatorius L.","rosarypea","Fabaceae"
"ABSP","","Absconditella sphagnorum Vezda & Poelt","sphagnum absonditella lichen","Stictidaceae"
"ABTR3","","Absconditella trivialis (Willey ex Tuck.) Vezda","trivial absconditella lichen","Stictidaceae"
"ABSCO","","Absconditella Vezda","absconditella lichen","Stictidaceae"
"ABAB","","Abutilon abutiloides (Jacq.) Garcke ex Hochr.","shrubby Indian mallow","Malvaceae"
"ABTH","ABAB3","Abutilon abutilon (L.) Rusby","","Malvaceae"
"ABAB","ABAM5","Abutilon americanum (L.) Sweet","","Malvaceae"
"ABAU","","Abutilon auritum (Wall. ex Link) Sweet","Asian Indian mallow","Malvaceae"
"ABTH","ABAV","Abutilon avicennae Gaertn.","","Malvaceae"
"ABBE","","Abutilon berlandieri A. Gray ex S. Watson","Berlandier's Indian mallow","Malvaceae"
"ABBE","ABCA2","Abutilon californicum auct. non Benth.","","Malvaceae"
"ABHU","ABCO2","Abutilon commutatum auct. non K. Schum.","","Malvaceae"
"HECR3","ABCR2","Abutilon crispum (L.) Medik.","","Malvaceae"
"ABER","","Abutilon eremitopetalum Caum","hiddenpetal Indian mallow","Malvaceae"
"ABFR3","","Abutilon fruticosum Guill. & Perr.","Texas Indian mallow","Malvaceae"
"ABGL","","Abutilon glabriflorum Hochr. [excluded]","NULL","Malvaceae"
"ABGR3","","Abutilon grandifolium (Willd.) Sweet","hairy Indian mallow","Malvaceae"
"ABHI","","Abutilon hirtum (Lam.) Sweet","Florida Keys Indian mallow","Malvaceae"
"ABHU","","Abutilon hulseanum (Torr. & A. Gray) Torr. ex A. Gray","mauve","Malvaceae"
"ABHY","","Abutilon hypoleucum A. Gray","whiteleaf Indian mallow","Malvaceae"
"ABIN","","Abutilon incanum (Link) Sweet","pelotazo","Malvaceae"
"ABIN","ABINI","Abutilon incanum (Link) Sweet ssp. incanum","","Malvaceae"
"ABIN","ABINP","Abutilon incanum (Link) Sweet ssp. pringlei (Hochr.) Felger & Lowe","","Malvaceae"
"ABIN3","","Abutilon indicum (L.) Sweet","monkeybush","Malvaceae"
"ABAB","ABJA","Abutilon jacquinii G. Don","","Malvaceae"
"ABAB","ABLI","Abutilon lignosum (Cav.) G. Don","","Malvaceae"
"ABMA3","","Abutilon malacum S. Watson","yellow Indian mallow","Malvaceae"
"ALHO4","ABMA7","Abutilon marshii Standl.","","Malvaceae"
"ABMA8","","Abutilon mauritianum (Jacq.) Medik.","NULL","Malvaceae"
"ABME3","","Abutilon megapotamicum (A. Spreng.) A. St.-Hil. & Naudin","trailing abutilon","Malvaceae"
"ABME2","","Abutilon menziesii Seem.","ko'oloa 'ula","Malvaceae"
"ABUTI","","Abutilon Mill.","Indian mallow","Malvaceae"
"ABMO2","","Abutilon mollicomum (Willd.) Sweet","Sonoran Indian mallow","Malvaceae"
"HONE","ABNE2","Abutilon newberryi S. Watson","","Malvaceae"
"ABPA","","Abutilon palmeri A. Gray","Palmer's Indian mallow","Malvaceae"
"ABPA2","","Abutilon parishii S. Watson","Parish's Indian mallow","Malvaceae"
"ABPA3","","Abutilon parvulum A. Gray","dwarf Indian mallow","Malvaceae"
"ABHU","ABPA4","Abutilon pauciflorum Sweet","","Malvaceae"
"ABPE","","Abutilon permolle (Willd.) Sweet","coastal Indian mallow","Malvaceae"
"ABIN","ABPR4","Abutilon pringlei Hochr.","","Malvaceae"
"ABRE","","Abutilon reventum S. Watson","yellowflower Indian mallow","Malvaceae"
"ABSA2","","Abutilon sandwicense (O. Deg.) Christoph.","greenflower Indian mallow","Malvaceae"
"ABSA2","ABSAW","Abutilon sandwicense (O. Deg.) Christoph. var. welchii Christoph.","","Malvaceae"
"ABMO2","ABSO","Abutilon sonorae A. Gray","","Malvaceae"
"ABFR3","ABTE","Abutilon texense Torr. & A. Gray","","Malvaceae"
"ABTH","","Abutilon theophrasti Medik.","velvetleaf","Malvaceae"
"ABTH2","","Abutilon thurberi A. Gray","Thurber's Indian mallow","Malvaceae"
"ABTR","ABTR2","Abutilon triquetrum (L.) Sweet","","Malvaceae"
"ABTR","","Abutilon trisulcatum (Jacq.) Urb.","anglestem Indian mallow","Malvaceae"
"PSUM2","ABUM2","Abutilon umbellatum (L.) Sweet","","Malvaceae"
"BAEG6","ABVI2","Abutilon virginianum Krapov.","","Malvaceae"
"ABWR","","Abutilon wrightii A. Gray","Wright's Indian mallow","Malvaceae"
"ACAB2","","Acacia abyssinica Hochst. ex Benth.","NULL","Fabaceae"
"ACABC2","","Acacia abyssinica Hochst. ex Benth. ssp. calophylla Brenan","NULL","Fabaceae"
"ACAD","ACAC6","Acacia accola Maiden & Betche","","Fabaceae"
"ACAC7","","Acacia acinacea Lindl.","gold-dust acacia","Fabaceae"
"ACAC8","","Acacia aciphylla Benth.","NULL","Fabaceae"
"ACAC9","","Acacia aculeatissima J.F. Macbr.","NULL","Fabaceae"
"ACAC10","","Acacia acuminata Benth.","NULL","Fabaceae"
"ACAD","","Acacia adunca A. Cunn. ex G. Don","Wallangarra wattle","Fabaceae"
"ACAL16","","Acacia alata R. Br.","winged wattle","Fabaceae"
"FAAL","ACAL15","Acacia albida Delile","","Fabaceae"
"ACRI","ACAM3","Acacia amentacea DC.","","Fabaceae"
"ACAM9","","Acacia ampliceps Maslin","acacia","Fabaceae"
"ACAN4","","Acacia anegadensis Britton [excluded]","blackbrush wattle","Fabaceae"
"ACAN10","","Acacia aneura F. Muell. ex Benth.","mulga","Fabaceae"
"ACAN","","Acacia angustissima (Mill.) Kuntze","prairie acacia","Fabaceae"
"ACANC","","Acacia angustissima (Mill.) Kuntze var. chisosiana Isely","Chisos prairie acacia","Fabaceae"
"ACANS2","ACANC2","Acacia angustissima (Mill.) Kuntze var. cuspidata (Schltdl.) L.D. Benson p.p.","","Fabaceae"
"ACANT4","ACANC2","Acacia angustissima (Mill.) Kuntze var. cuspidata (Schltdl.) L.D. Benson p.p.","","Fabaceae"
"ACANH","","Acacia angustissima (Mill.) Kuntze var. hirta (Nutt.) B.L. Rob.","prairie acacia","Fabaceae"
"ACANS","","Acacia angustissima (Mill.) Kuntze var. shrevei (Britton & Rose) Isely","Shreve's prairie acacia","Fabaceae"
"ACANS2","","Acacia angustissima (Mill.) Kuntze var. suffrutescens (Rose) Isely","prairie acacia","Fabaceae"
"ACANT4","","Acacia angustissima (Mill.) Kuntze var. texensis (Torr. & A. Gray) Isely","prairie wattle","Fabaceae"
"ACNI2","ACAR11","Acacia arabica (Lam.) Willd.","","Fabaceae"
"ACAR12","","Acacia arenaria Schinz","NULL","Fabaceae"
"MIAR4","ACAR3","Acacia arenosa Willd.","","Fabaceae"
"ACPA8","ACAR15","Acacia armata R. Br.","","Fabaceae"
"ACAU","","Acacia auriculiformis A. Cunn. ex Benth.","earleaf acacia","Fabaceae"
"ACBA","","Acacia baileyana F. Muell.","cootamundra wattle","Fabaceae"
"ACBE6","","Acacia beckleri Tindale","Barrier Range wattle","Fabaceae"
"ACBE","","Acacia berlandieri Benth.","guajillo","Fabaceae"
"ACBI5","","Acacia binervata DC.","two-vein-hickory","Fabaceae"
"ACBO4","","Acacia boomanii Maiden","Snowy River wattle","Fabaceae"
"ACBR3","","Acacia brachybotrya Benth.","gray mulga","Fabaceae"
"ACCI6","ACBR4","Acacia brachystachya auct.","","Fabaceae"
"ACBU3","","Acacia buxifolia A. Cunn.","NULL","Fabaceae"
"ACCA23","","Acacia caesiella Maiden & Blakely","NULL","Fabaceae"
"ACCA24","","Acacia calamifolia Sweet ex Lindl.","broom wattle","Fabaceae"
"ACCA25","","Acacia cambagei R.T. Baker","gidgee","Fabaceae"
"ACPOC2","ACCA26","Acacia campylacantha Hochst. ex A. Rich.","","Fabaceae"
"ACCA27","","Acacia cardiophylla A. Cunn. ex Benth.","wyalong wattle","Fabaceae"
"ACCA21","","Acacia catechu (L. f.) Willd. [excluded]","black cutch","Fabaceae"
"ACCA35","","Acacia caven (Molina) Molina","Roman-cassie","Fabaceae"
"ACCA35","ACCA28","Acacia cavenia (Molina) Hook. & Arn., orth. var.","","Fabaceae"
"ACCH8","ACCH7","Acacia chinchellensis Tindale, orth. var.","","Fabaceae"
"ACCH8","","Acacia chinchillensis Tindale","Chinchilla wattle","Fabaceae"
"ACCH","","Acacia choriophylla Benth.","cinnecord","Fabaceae"
"ACCI6","","Acacia cibaria F. Muell.","turpentine mulga","Fabaceae"
"ACST8","ACCL2","Acacia clivicola Pedley","","Fabaceae"
"ACCO15","","Acacia cognata Domin","bower wattle","Fabaceae"
"ACCO16","","Acacia colletioides A. Cunn. ex Benth.","NULL","Fabaceae"
"ACCO24","","Acacia collinsii Saff.","bull horn acacia","Fabaceae"
"ACCO24","ACCOP3","Acacia collinsii Saff. var. pseudomyrmex ?, ined.","","Fabaceae"
"ACCO","","Acacia confusa Merr.","small Philippine acacia","Fabaceae"
"ACCO17","","Acacia conspersa F. Muell.","NULL","Fabaceae"
"ACCO2","","Acacia constricta Benth.","whitethorn acacia","Fabaceae"
"ACCOC","","Acacia constricta Benth. var. constricta","whitethorn acacia","Fabaceae"
"ACCOP9","","Acacia constricta Benth. var. paucispina Woot. & Standl.","whitethorn acacia","Fabaceae"
"ACNE4","ACCOV","Acacia constricta Benth. var. vernicosa (Standl.) L.D. Benson","","Fabaceae"
"ACCO18","","Acacia continua Benth.","thorn wattle","Fabaceae"
"ACCO5","","Acacia cornigera (L.) Willd.","bullhorn wattle","Fabaceae"
"ACCR2","","Acacia craspedocarpa F. Muell.","NULL","Fabaceae"
"ACCU4","","Acacia cultriformis A. Cunn. ex G. Don","knife acacia","Fabaceae"
"ACCU5","","Acacia cupularis Domin","NULL","Fabaceae"
"ACANT4","ACCU","Acacia cuspidata Schltdl. p.p.","","Fabaceae"
"ACANS2","ACCU","Acacia cuspidata Schltdl. p.p.","","Fabaceae"
"ACSA","ACCY","Acacia cyanophylla Lindl.","","Fabaceae"
"ACAC7","ACCY3","Acacia cyclophylla Schltdl.","","Fabaceae"
"ACCY2","","Acacia cyclops A. Cunn. ex G. Don","coastal wattle","Fabaceae"
"ACDA5","","Acacia davyi N.E. Br.","NULL","Fabaceae"
"ACDE3","","Acacia dealbata Link","silver wattle","Fabaceae"
"ACDE11","","Acacia deanei (R.T. Baker) R.T. Baker ex M.B. Welch, Coombs & McGlymn","Deane's wattle","Fabaceae"
"ACDEP2","","Acacia deanei (R.T. Baker) R.T. Baker ex M.B. Welch, Coombs & McGlymn ssp. paucijuga (Wakef.) Tindale","NULL","Fabaceae"
"ACDE12","","Acacia decora Rchb.","graceful wattle","Fabaceae"
"ACDE","","Acacia decurrens (Wendl. f.) Willd.","green wattle","Fabaceae"
"ACDE3","ACDED","Acacia decurrens (Wendl. f.) Willd. var. dealbata (Link) F. Muell.","","Fabaceae"
"ACME80","ACDEM","Acacia decurrens (Wendl. f.) Willd. var. mollis Lindl.","","Fabaceae"
"ACMED","ACDE13","Acacia detinens Burch.","","Fabaceae"
"ACDI7","","Acacia dietrichiana F. Muell.","NULL","Fabaceae"
"ACDI8","","Acacia difformis R.T. Baker","drooping wattle","Fabaceae"
"ACGE8","ACDI9","Acacia diffusa Lindl.","","Fabaceae"
"ACDO2","","Acacia doratoxylon A. Cunn.","spearwood","Fabaceae"
"ACDR2","","Acacia drummondii Lindl.","Drummond's wattle","Fabaceae"
"ACDU3","","Acacia dunnii Turrill","NULL","Fabaceae"
"ACEB2","","Acacia eburnea (L. f.) Willd.","NULL","Fabaceae"
"ACEL","","Acacia elata A. Cunn. ex Benth.","cedar wattle","Fabaceae"
"ACBE","ACEM","Acacia emoryana Benth.","","Fabaceae"
"ACER4","","Acacia erioloba E. Mey.","camelthorn","Fabaceae"
"ACER5","","Acacia erubescens Welw. ex Oliv.","NULL","Fabaceae"
"ACES2","","Acacia estrophiolata F. Muell.","NULL","Fabaceae"
"ACEX3","","Acacia extensa Lindl.","NULL","Fabaceae"
"ACFA","","Acacia farnesiana (L.) Willd.","sweet acacia","Fabaceae"
"ACFA","ACFAF2","Acacia farnesiana (L.) Willd. var. farnesiana","","Fabaceae"
"ACFI4","","Acacia fimbriata A. Cunn. ex G. Don","fringed wattle","Fabaceae"
"ACFL6","","Acacia floribunda (Vent.) Willd.","NULL","Fabaceae"
"ACGA3","","Acacia galpinii Burtt Davy","NULL","Fabaceae"
"ACGE8","","Acacia genistifolia Link","early wattle","Fabaceae"
"ACGE7","","Acacia gerrardii Benth.","NULL","Fabaceae"
"ACPAN","ACGEN2","Acacia gerrardii Benth. ssp. negevensis Zohary","","Fabaceae"
"ACGL5","","Acacia gladiiformis A. Cunn. ex Benth.","NULL","Fabaceae"
"ACGL6","","Acacia glandulicarpa Reader","NULL","Fabaceae"
"ACGL4","","Acacia glauca (L.) Moench","acacia","Fabaceae"
"ACGO2","","Acacia goetzei Harms","NULL","Fabaceae"
"ACGR9","","Acacia gracilifolia Maiden & Blakely","graceful wattle","Fabaceae"
"ACHE12","ACGR10","Acacia graffiana F. Muell.","","Fabaceae"
"ACGR","","Acacia greggii A. Gray","catclaw acacia","Fabaceae"
"ACGRG3","ACGRA","Acacia greggii A. Gray var. arizonica Isely","","Fabaceae"
"ACGRG3","","Acacia greggii A. Gray var. greggii","catclaw acacia","Fabaceae"
"ACGRW","","Acacia greggii A. Gray var. wrightii (Benth.) Isely","catclaw acacia","Fabaceae"
"ACHA4","","Acacia hakeoides A. Cunn. ex Benth.","NULL","Fabaceae"
"ACHE8","","Acacia hebeclada DC.","NULL","Fabaceae"
"ACHE12","","Acacia hemiteles Benth.","NULL","Fabaceae"
"ACANH","ACHI3","Acacia hirta Nutt.","","Fabaceae"
"ACANS","ACHIL2","Acacia hirta Nutt. ssp. lemmonii (Rose) Wiggins","","Fabaceae"
"ACHO2","","Acacia holosericea A. Cunn. ex G. Don","candelabra wattle","Fabaceae"
"ACOM","ACHO3","Acacia homalophylla A. Cunn. ex Benth.","","Fabaceae"
"ACHO4","","Acacia horrida (L.) Willd.","NULL","Fabaceae"
"ACHO5","","Acacia howittii F. Muell.","sticky wattle","Fabaceae"
"ACIM4","","Acacia imbricata F. Muell.","imbricate wattle","Fabaceae"
"ACIM5","","Acacia implexa Benth.","screw-pod wattle","Fabaceae"
"ACIR","","Acacia irrorata Sieber ex Spreng.","green wattle","Fabaceae"
"ACIT2","","Acacia iteaphylla F. Muell. ex Benth.","NULL","Fabaceae"
"ACIX2","","Acacia ixiophylla Benth.","NULL","Fabaceae"
"ACJI","","Acacia jibberdingensis Maiden & Blakely","NULL","Fabaceae"
"ACJO2","","Acacia jonesii F. Muell. & Maiden","NULL","Fabaceae"
"ACUL2","ACJU2","Acacia juniperina (Vent.) Willd.","","Fabaceae"
"ACKA2","","Acacia karroo Hayne","karroothorn","Fabaceae"
"ACKO","ACKA","Acacia kauaiensis Hillebr.","","Fabaceae"
"ACKO","","Acacia koa A. Gray","koa","Fabaceae"
"ACKO","ACKOH","Acacia koa A. Gray var. hawaiiensis Rock","","Fabaceae"
"ACKO","ACKOL","Acacia koa A. Gray var. lanaiensis Rock","","Fabaceae"
"ACKO","ACKOW","Acacia koa A. Gray var. waimeae Hochr.","","Fabaceae"
"ACKO2","","Acacia koaia Hillebr.","koaoha","Fabaceae"
"ACLA10","","Acacia lanuginophylla R.S. Cowan & Maslin","NULL","Fabaceae"
"ACLA10","ACLA11","Acacia lanuginosa C.A. Gardner, nom. illeg.","","Fabaceae"
"ACLA6","","Acacia lasiocalyx C.R.P. Andrews","NULL","Fabaceae"
"ACLO","ACLA","Acacia latifolia hort.","","Fabaceae"
"ACLE7","","Acacia leiophylla Benth.","NULL","Fabaceae"
"ACANS","ACLE3","Acacia lemmonii Rose","","Fabaceae"
"ACLI8","","Acacia ligulata Benth.","acacia","Fabaceae"
"ACLO8","ACLI4","Acacia linearis Sims","","Fabaceae"
"ACLI5","","Acacia lineata A. Cunn. ex G. Don","NULL","Fabaceae"
"ACLO","","Acacia longifolia (Andrews) Willd.","Sydney golden wattle","Fabaceae"
"ACLOS3","","Acacia longifolia (Andrews) Willd. ssp. sophorae (Labill.) Court","NULL","Fabaceae"
"ACLOS3","ACLOS2","Acacia longifolia (Andrews) Willd. var. sophorae (Labill.) F. Muell. ex Benth.","","Fabaceae"
"ACLO8","","Acacia longissima H.L. Wendl.","NULL","Fabaceae"
"ACSU11","ACLU2 ","Acacia luehmannii F. Muell.","","Fabaceae"
"ACMA","","Acacia macracantha Humb. & Bonpl. ex Willd.","porknut","Fabaceae"
"ACMA11","","Acacia maidenii F. Muell.","NULL","Fabaceae"
"ACRO","ACMA2","Acacia malacophylla Benth.","","Fabaceae"
"ACMA12","","Acacia mangium Willd.","NULL","Fabaceae"
"ACME80","","Acacia mearnsii De Wild.","black wattle","Fabaceae"
"ACME","","Acacia melanoxylon R. Br.","blackwood","Fabaceae"
"ACME8","","Acacia mellifera (Vahl) Benth.","NULL","Fabaceae"
"ACMED","","Acacia mellifera (Vahl) Benth. ssp. detinens (Burch.) Brenan","NULL","Fabaceae"
"ACME6","","Acacia merrallii F. Muell.","NULL","Fabaceae"
"ACMI5","","Acacia microbotrya Benth.","NULL","Fabaceae"
"ACMI6","","Acacia microcarpa F. Muell.","manna wattle","Fabaceae"
"ACACI","","Acacia Mill.","acacia","Fabaceae"
"ACMI","","Acacia millefolia S. Watson","milfoil wattle","Fabaceae"
"ACFA","ACMI4","Acacia minuta (M.E. Jones) R.M. Beauch.","","Fabaceae"
"ACFA","ACMID","Acacia minuta (M.E. Jones) R.M. Beauch. ssp. densiflora (Alexander ex Small) R.M. Beauch.","","Fabaceae"
"ACMO9","","Acacia montana Benth.","NULL","Fabaceae"
"ACMU6","","Acacia mucronata Willd. ex H.L. Wendl.","narrow-leaf wattle","Fabaceae"
"ACMU7","","Acacia multispicata Benth.","NULL","Fabaceae"
"ACMU","","Acacia muricata (L.) Willd.","spineless wattle","Fabaceae"
"ACMY2","","Acacia myrtifolia (Sm.) Willd.","NULL","Fabaceae"
"ACNE4","","Acacia neovernicosa Isely","viscid acacia","Fabaceae"
"ACNE8","","Acacia neriifolia A. Cunn. ex Benth.","NULL","Fabaceae"
"ACNI8","","Acacia nigrescens Oliv.","knobthorn","Fabaceae"
"ACNI2","","Acacia nilotica (L.) Willd. ex Delile","gum arabic tree","Fabaceae"
"ACNIA3","ACNIA2","Acacia nilotica (L.) Willd. ex Delile ssp. adansonii (Guill. & Perr.) Brenan","","Fabaceae"
"ACNIA3","","Acacia nilotica (L.) Willd. ex Delile ssp. adstringens (Schumach. & Thonn.) Roberty","NULL","Fabaceae"
"ACNIK2","","Acacia nilotica (L.) Willd. ex Delile ssp. kraussiana (Benth.) Brenan","NULL","Fabaceae"
"ACNO5","","Acacia notabilis F. Muell.","notable wattle","Fabaceae"
"ACOM","","Acacia omalophylla A. Cunn. ex Benth.","yarran","Fabaceae"
"ACOS2","","Acacia oswaldii F. Muell.","umbrella acacia","Fabaceae"
"ACOX3","","Acacia oxycedrus Sieber ex DC.","NULL","Fabaceae"
"ACPA15","","Acacia pachyceras Sw.","NULL","Fabaceae"
"ACPAN","","Acacia pachyceras Sw. var. najdensis (Chaudhary) Boulos","NULL","Fabaceae"
"ACPA16","","Acacia papyrocarpa Benth.","NULL","Fabaceae"
"ACPA8","","Acacia paradoxa DC.","paradox acacia","Fabaceae"
"ACPA81","","Acacia parramattensis Tindale","South Wales wattle","Fabaceae"
"ACPA9","","Acacia parvipinnula Tindale","silver-stem wattle","Fabaceae"
"ACDEP2","ACPA10","Acacia paucijuga Wakef.","","Fabaceae"
"ACPE8","","Acacia pendula A. Cunn. ex G. Don","myall acacia","Fabaceae"
"ACPE9","","Acacia pennatula (Schltdl. & Cham.) Benth.","fern-leaf acacia","Fabaceae"
"ACPE10","","Acacia penninervis Sieber ex DC.","blackwood","Fabaceae"
"ACPE11","","Acacia pentagona (Schumach. & Thonn.) Hook. f.","NULL","Fabaceae"
"ACPI","","Acacia pinetorum F.J. Herm.","pineland wattle","Fabaceae"
"ACPO2","","Acacia podalyriifolia A. Cunn. ex G. Don","pearl wattle","Fabaceae"
"ACPO3","","Acacia polyacantha Willd.","catechu tree","Fabaceae"
"ACPOC2","","Acacia polyacantha Willd. ssp. campylacantha (Hochst. ex A. Rich.) Brenan","NULL","Fabaceae"
"ACPR6","","Acacia pravissima F. Muell.","wedge-leaf wattle","Fabaceae"
"ACPR3","","Acacia prominens A. Cunn. ex G. Don","goldenrain wattle","Fabaceae"
"ACPR4","","Acacia pruinosa A. Cunn. ex Benth.","frosty wattle","Fabaceae"
"ACPU3","","Acacia pulchella R. Br.","NULL","Fabaceae"
"ACPY3","","Acacia pycnantha Benth.","golden wattle","Fabaceae"
"ACPY4","","Acacia pyrifolia DC.","NULL","Fabaceae"
"ACQU2","","Acacia quornensis J.M. Black","quorn wattle","Fabaceae"
"ACRA5","","Acacia ramulosa W. Fitzg.","NULL","Fabaceae"
"ACRE9","","Acacia redolens Maslin","bank catclaw","Fabaceae"
"ACRE8","","Acacia rehmanniana Schinz","acacia","Fabaceae"
"ACRE2","","Acacia retinodes Schltdl.","water wattle","Fabaceae"
"ACRE4","","Acacia retusa (Jacq.) Howard","catch and keep","Fabaceae"
"ACRI10","","Acacia richii A. Gray [excluded]","NULL","Fabaceae"
"ACRI6","","Acacia rigens A. Cunn. ex G. Don","nealie","Fabaceae"
"ACRI","","Acacia rigidula Benth.","blackbrush acacia","Fabaceae"
"ACRE4","ACRI4","Acacia riparia auct. non Kunth","","Fabaceae"
"ACRI7","","Acacia rivalis J.M. Black","creek wattle","Fabaceae"
"ACRO5","","Acacia robusta Burch.","NULL","Fabaceae"
"ACRO","","Acacia roemeriana Scheele","roundflower catclaw","Fabaceae"
"ACRO6","","Acacia rossei F. Muell.","NULL","Fabaceae"
"ACRU11","","Acacia rubida A. Cunn.","red-leaf wattle","Fabaceae"
"ACRU12","","Acacia rupicola F. Muell. ex Benth.","NULL","Fabaceae"
"ACSA9","","Acacia saliciformis Tindale","NULL","Fabaceae"
"ACSA10","","Acacia salicina Lindl.","cooba","Fabaceae"
"ACSA","","Acacia saligna (Labill.) Wendl. f.","orange wattle","Fabaceae"
"ACSC2","","Acacia schaffneri (S. Watson) F.J. Herm.","Schaffner's wattle","Fabaceae"
"ACSCB","","Acacia schaffneri (S. Watson) F.J. Herm. var. bravoensis Isely","Schaffner's wattle","Fabaceae"
"ACSCS2","","Acacia schaffneri (S. Watson) F.J. Herm. var. schaffneri (S. Watson) F.J. Herm. [excluded]","Schaffner's wattle","Fabaceae"
"ACSC","","Acacia schottii Torr.","Schott's wattle","Fabaceae"
"ACSC9","","Acacia schweinfurthii Brenan & Exell","NULL","Fabaceae"
"ACSC10","","Acacia sclerosperma F. Muell.","acacia","Fabaceae"
"ACSC12","","Acacia scleroxyla Tussac [excluded]","NULL","Fabaceae"
"ACSE6","","Acacia senegal (L.) Willd.","gum arabic","Fabaceae"
"ACSER2","","Acacia senegal (L.) Willd. var. rostrata Brenan","NULL","Fabaceae"
"ACVI7","ACSE9","Acacia sentis F. Muell. ex Benth., nom. illeg.","","Fabaceae"
"ACSE7","","Acacia seyal Delile","talh","Fabaceae"
"ACSI7","","Acacia sieberiana DC.","NULL","Fabaceae"
"ACSIW2","","Acacia sieberiana DC. var. woodii (Burtt Davy) Keay & Brenan","paperbark-thorn","Fabaceae"
"ACSI5","","Acacia silvestris Tindale","red wattle","Fabaceae"
"ACFA","ACSM","Acacia smallii Isely","","Fabaceae"
"ACSO4","","Acacia sophorae (Labill.) R. Br.","acacia","Fabaceae"
"ACPA16","ACSO3","Acacia sowdenii Maiden","","Fabaceae"
"ACSP9","","Acacia spectabilis A. Cunn. ex Benth.","glory wattle","Fabaceae"
"ACSP4","","Acacia sphaerocephala Schltdl. & Cham.","bee wattle","Fabaceae"
"ACST5","","Acacia stenophylla A. Cunn. ex Benth.","Dalby myall","Fabaceae"
"ACST8","","Acacia stowardii Maiden","bastard mulga","Fabaceae"
"ACST6","","Acacia stricta (Andrews) Willd.","NULL","Fabaceae"
"ACSU9","","Acacia suaveolens (Sm.) Willd.","sweet acacia","Fabaceae"
"ACSU11","","Acacia sublanata Benth.","NULL","Fabaceae"
"ACSU10","","Acacia subulata Bonpl.","awl-leaf wattle","Fabaceae"
"ACPO3","ACSU2","Acacia suma (Roxb.) Buch.-Ham. ex Voigt","","Fabaceae"
"ACSW2","","Acacia swazica Burtt Davy","NULL","Fabaceae"
"ACTE9","","Acacia terminalis (Salisb.) J.F. Macbr. [excluded]","NULL","Fabaceae"
"ACTE8","","Acacia tetragonophylla F. Muell.","dead finish","Fabaceae"
"ACANT4","ACTE2","Acacia texensis Torr. & A. Gray","","Fabaceae"
"ACTO6","","Acacia tortilis (Forssk.) Hayne","umbrella thorn","Fabaceae"
"ACTOH2","","Acacia tortilis (Forssk.) Hayne ssp. heteracantha (Burch.) Brenan","NULL","Fabaceae"
"ACTOS2","","Acacia tortilis (Forssk.) Hayne ssp. spirocarpa (Hochst. ex A. Rich.) Brenan","NULL","Fabaceae"
"ACTO","","Acacia tortuosa (L.) Willd.","poponax","Fabaceae"
"ACTR6","","Acacia trineura F. Muell.","NULL","Fabaceae"
"ACUL2","","Acacia ulicifolia (Salisb.) Court","juniper wattle","Fabaceae"
"ACUN2","","Acacia uncinata Lindl.","NULL","Fabaceae"
"ACUN3","","Acacia undulifolia G. Lodd.","NULL","Fabaceae"
"ACUR2","","Acacia urophylla Benth. ex Lindl.","NULL","Fabaceae"
"ACSE6","ACVE3","Acacia verek Guill. & Perr.","","Fabaceae"
"ACVE5","","Acacia verniciflua A. Cunn.","NULL","Fabaceae"
"ACNE4","ACVE","Acacia vernicosa Standl.","","Fabaceae"
"ACVE2","","Acacia verticillata (L'Hér.) Willd.","prickly Moses","Fabaceae"
"ACVI7","","Acacia victoriae Benth.","bramble acacia","Fabaceae"
"ACGL4","ACVI8","Acacia villosa (Sw.) Willd.","","Fabaceae"
"ACVI9","","Acacia viscidula Benth.","NULL","Fabaceae"
"ACVI10","","Acacia visco Lorentz ex Griseb.","NULL","Fabaceae"
"ACVO","","Acacia vogeliana Steud.","macata bourse bastard","Fabaceae"
"ACWA3","","Acacia wattsiana F. Muell. ex Benth.","NULL","Fabaceae"
"ACRE4","ACWE","Acacia westiana DC.","","Fabaceae"
"ACWI2","","Acacia willardiana Rose","NULL","Fabaceae"
"ACGRW","ACWR","Acacia wrightii Benth.","","Fabaceae"
"ACXA3","","Acacia xanthophloea Benth.","fevertree","Fabaceae"
"ACANH","ACHI4","Acaciella hirta (Nutt.) Britton & Rose","","Fabaceae"
"ACANS","ACSH2","Acaciella shrevei Britton & Rose","","Fabaceae"
"ACNO7","ACAN3","Acaena anserinifolia auct. non (J.R. Forst. & G. Forst.) Druce","","Rosaceae"
"ACPIC2","ACCA2","Acaena californica Bitter","","Rosaceae"
"ACEX","","Acaena exigua A. Gray","liliwai","Rosaceae"
"ACEX","ACEXG","Acaena exigua A. Gray var. glaberrima Bitter","","Rosaceae"
"ACEX","ACEXG2","Acaena exigua A. Gray var. glabriuscula Bitter","","Rosaceae"
"ACEX","ACEXS","Acaena exigua A. Gray var. subtusstrigulosa Bitter","","Rosaceae"
"ACAEN","","Acaena Mutis ex L.","acaena","Rosaceae"
"ACMY3","","Acaena myriophylla Lindl.","cadillo","Rosaceae"
"ACNO7","","Acaena novae-zelandiae Kirk","biddy-biddy","Rosaceae"
"ACNO7","ACNO4","Acaena novae-zelandica Kirk, orth. var.","","Rosaceae"
"ACPA14","","Acaena pallida (Kirk) Allen","pale biddy-biddy","Rosaceae"
"ACPI3","","Acaena pinnatifida Ruiz & Pav.","Argentinian biddy-biddy","Rosaceae"
"ACPIC2","","Acaena pinnatifida Ruiz & Pav. var. californica (Bitter) Jeps.","NULL","Rosaceae"
"ACNO7","ACSA4","Acaena sanguisorbae auct. non (L. f.) Vahl","","Rosaceae"
"ACAL2","","Acalypha alopecuroidea Jacq.","foxtail copperleaf","Euphorbiaceae"
"ACAM2","","Acalypha amentacea Roxb.","catch me if you can","Euphorbiaceae"
"ACAMW","","Acalypha amentacea Roxb. ssp. wilkesiana (Müll. Arg.) Fosberg","Wilkes' acalypha","Euphorbiaceae"
"ACAR16","ACAR19","Acalypha aristata auct. non Kunth","","Euphorbiaceae"
"ACAL2","ACAR17","Acalypha aristata Kunth","","Euphorbiaceae"
"ACAR16","","Acalypha arvensis Poepp.","field copperleaf","Euphorbiaceae"
"ACAU6","","Acalypha australis L.","Asian copperleaf","Euphorbiaceae"
"ACBE2","","Acalypha berteriana Müll. Arg.","Guayama Copperleaf","Euphorbiaceae"
"ACBI3","","Acalypha bisetosa Bertol. ex Spreng.","streambank copperleaf","Euphorbiaceae"
"ACCA3","","Acalypha californica Benth.","California copperleaf","Euphorbiaceae"
"ACOS","ACCA8","Acalypha caroliniana Elliott","","Euphorbiaceae"
"ACCH2","","Acalypha chamaedryfolia (Lam.) Müll. Arg.","bastard copperleaf","Euphorbiaceae"
"ACDE4","","Acalypha deamii (Weath.) H.E. Ahles","Deam's threeseed mercury","Euphorbiaceae"
"ACGR2","","Acalypha gracilens A. Gray","slender threeseed mercury","Euphorbiaceae"
"ACMO4","ACGRM2","Acalypha gracilens A. Gray ssp. monococca (Engelm. ex A. Gray) G.L. Webster","","Euphorbiaceae"
"ACGR2","ACGRD","Acalypha gracilens A. Gray var. delzii L. Mill.","","Euphorbiaceae"
"ACGR2","ACGRF","Acalypha gracilens A. Gray var. fraseri (Müll. Arg.) Weath.","","Euphorbiaceae"
"ACMO4","ACGRM","Acalypha gracilens A. Gray var. monococca Engelm. ex A. Gray","","Euphorbiaceae"
"ACMO","ACHE","Acalypha hederacea Torr.","","Euphorbiaceae"
"ACHI2","","Acalypha hispida Burm. f.","red-hot cat's tail","Euphorbiaceae"
"ACME7","ACINM","Acalypha indica L. var. mexicana (Müll. Arg.) Pax & K. Hoffm.","","Euphorbiaceae"
"ACPO","ACIN","Acalypha indica Vell., non L.","","Euphorbiaceae"
"ACALY","","Acalypha L.","copperleaf","Euphorbiaceae"
"ACPH3","ACLI","Acalypha lindheimeri Müll. Arg.","","Euphorbiaceae"
"ACPH3","ACLIM","Acalypha lindheimeri Müll. Arg. var. major Pax & K. Hoffm.","","Euphorbiaceae"
"ACME7","","Acalypha mexicana Müll. Arg.","Mexican copperleaf","Euphorbiaceae"
"ACMO4","","Acalypha monococca (Engelm. ex A. Gray) Lill. W. Mill. & Gandhi","slender threeseed mercury","Euphorbiaceae"
"ACMO","","Acalypha monostachya Cav.","round copperleaf","Euphorbiaceae"
"ACNE","","Acalypha neomexicana Müll. Arg.","New Mexico copperleaf","Euphorbiaceae"
"ACOS","","Acalypha ostryifolia Riddell","pineland threeseed mercury","Euphorbiaceae"
"ACPH3","","Acalypha phleoides Cav.","shrubby copperleaf","Euphorbiaceae"
"ACPO","","Acalypha poiretii Spreng.","Poiret's copperleaf","Euphorbiaceae"
"ACPO4","","Acalypha portoricensis Müll. Arg.","Puerto Rico copperleaf","Euphorbiaceae"
"ACCA3","ACPR","Acalypha pringlei S. Watson","","Euphorbiaceae"
"ACRA","","Acalypha radians Torr.","cardinal's feather","Euphorbiaceae"
"ACRH","","Acalypha rhomboidea Raf.","common threeseed mercury","Euphorbiaceae"
"ACDE4","ACRHD","Acalypha rhomboidea Raf. var. deamii (Weath.) Weath.","","Euphorbiaceae"
"ACSE","","Acalypha setosa A. Rich.","Cuban copperleaf","Euphorbiaceae"
"ACVI","","Acalypha virginica L.","Virginia threeseed mercury","Euphorbiaceae"
"ACDE4","ACVID","Acalypha virginica L. var. deamii Weath.","","Euphorbiaceae"
"ACGR2","ACVIG","Acalypha virginica L. var. gracilens (A. Gray) Müll. Arg.","","Euphorbiaceae"
"ACMO4","ACVIM","Acalypha virginica L. var. monococca (Engelm. ex A. Gray) Müll. Arg.","","Euphorbiaceae"
"ACRH","ACVIR","Acalypha virginica L. var. rhomboidea (Raf.) Cooperr.","","Euphorbiaceae"
"ACAMW","ACWI","Acalypha wilkesiana Müll. Arg.","","Euphorbiaceae"
"ERSE2","ACSE5","Acamptoclados sessilispicus (Buckley) Nash","","Poaceae"
"ACAMP","","Acamptopappus (A. Gray) A. Gray","goldenhead","Asteraceae"
"ACSH","","Acamptopappus shockleyi A. Gray","Shockley's goldenhead","Asteraceae"
"ACSP","","Acamptopappus sphaerocephalus (Harv. & A. Gray ex A. Gray) A. Gray","rayless goldenhead","Asteraceae"
"ACSPH","","Acamptopappus sphaerocephalus (Harv. & A. Gray ex A. Gray) A. Gray var. hirtellus S.F. Blake","rayless goldenhead","Asteraceae"
"ACSPS2","","Acamptopappus sphaerocephalus (Harv. & A. Gray ex A. Gray) A. Gray var. sphaerocephalus","rayless goldenhead","Asteraceae"
"ACANT6","","Acanthocereus (Engelm. ex A. Berger) Britton & Rose","triangle cactus","Cactaceae"
"ACTE4","ACFL3","Acanthocereus floridanus Small ex Britton & Rose","","Cactaceae"
"ACTE4","ACPE5","Acanthocereus pentagonus (L.) Britton & Rose","","Cactaceae"
"ACTE4","","Acanthocereus tetragonus (L.) Humm.","triangle cactus","Cactaceae"
"AMAC","ACWR6","Acanthochiton wrightii Torr.","","Amaranthaceae"
"WICA4","ACCA22","Acanthocladium carlottae Schof.","","Sematophyllaceae"
"CHCO6","ACCO6","Acanthogonum corrugatum Torr.","","Polygonaceae"
"CHPOP5","ACPO6","Acanthogonum polygonoides (Torr. & A. Gray) Goodman","","Polygonaceae"
"CHPOL","ACPOL","Acanthogonum polygonoides (Torr. & A. Gray) Goodman var. longispinum Goodman","","Polygonaceae"
"CHRI","ACRI2","Acanthogonum rigidum Torr.","","Polygonaceae"
"ACANT2","","Acanthomintha (A. Gray) A. Gray","thorn-mint","Lamiaceae"
"ACDU2","","Acanthomintha duttonii (Abrams) Jokerst","San Mateo thorn-mint","Lamiaceae"
"ACIL","","Acanthomintha ilicifolia (A. Gray) A. Gray","San Diego thorn-mint","Lamiaceae"
"ACLA2","","Acanthomintha lanceolata Curran","Santa Clara thorn-mint","Lamiaceae"
"ACOB","","Acanthomintha obovata Jeps.","San Benito thorn-mint","Lamiaceae"
"ACOBC","","Acanthomintha obovata Jeps. ssp. cordata Jokerst","heartleaf thorn-mint","Lamiaceae"
"ACDU2","ACOBD","Acanthomintha obovata Jeps. ssp. duttonii Abrams","","Lamiaceae"
"ACOBO","","Acanthomintha obovata Jeps. ssp. obovata","San Benito thorn-mint","Lamiaceae"
"ELSE5","ACSE8","Acanthopanax senticosus (Rupr. & Maxim.) Harms","","Araliaceae"
"ELPE6","ACSI2","Acanthopanax sieboldianus Makino","","Araliaceae"
"ACAU2","","Acanthospermum australe (Loefl.) Kuntze","Paraguayan starbur","Asteraceae"
"ACHI","","Acanthospermum hispidum DC.","hispid starbur","Asteraceae"
"ACHU","","Acanthospermum humile (Sw.) DC.","low starbur","Asteraceae"
"ACANT3","","Acanthospermum Schrank","starbur","Asteraceae"
"ACAU2","ACXA","Acanthospermum xanthioides DC.","","Asteraceae"
"XASP2","ACSP5","Acanthoxanthium spinosum (L.) Fourr.","","Asteraceae"
"ACEB3","","Acanthus ebracteatus Vahl","acanthus","Acanthaceae"
"ACANT7","","Acanthus L.","acanthus","Acanthaceae"
"ACMO8","","Acanthus mollis L.","bear's breech","Acanthaceae"
"ACPO10","","Acanthus polystachyus Delile","NULL","Acanthaceae"
"ACPOP","","Acanthus polystachyus Delile var. pseudopubescens Cufod.","NULL","Acanthaceae"
"ACPOP","ACPU4","Acanthus pubescens Engl.","","Acanthaceae"
"ACSP7","","Acanthus spinosus L.","spine acanthus","Acanthaceae"
"ACSY","","Acanthus syriacus Boiss.","Syrian acanthus","Acanthaceae"
"ACARO2","","Acarospora A. Massal.","cracked lichen","Acarosporaceae"
"ACAE","","Acarospora aeruginosa Hasse","cracked lichen","Acarosporaceae"
"ACSC5","ACAL14","Acarospora albida H. Magn.","","Acarosporaceae"
"ACAL13","","Acarospora albomarginata (Herre) Salisb.","cracked lichen","Acarosporaceae"
"ACSC5","ACAM6","Acarospora amabilis H. Magn.","","Acarosporaceae"
"ACAM5","","Acarospora americana H. Magn.","American cracked lichen","Acarosporaceae"
"ACAM7","","Acarospora amphibola Wedd.","NULL","Acarosporaceae"
"ACAP","","Acarospora applanata H. Magn.","cracked lichen","Acarosporaceae"
"ACAR8","","Acarospora arenacea H. Magn.","cracked lichen","Acarosporaceae"
"ACAR9","","Acarospora arenosa Herre","cracked lichen","Acarosporaceae"
"ACAS3","","Acarospora asahinae H. Magn.","Asahina's cracked lichen","Acarosporaceae"
"ACAS4","","Acarospora asperata H. Magn.","cracked lichen","Acarosporaceae"
"ACBA4","","Acarospora badiofusca (Nyl.) Th. Fr.","cracked lichen","Acarosporaceae"
"ACSC5","ACBE5","Acarospora bella (Nyl.) Jatta","","Acarosporaceae"
"ACBA4","ACBO2","Acarospora boulderensis H. Magn.","","Acarosporaceae"
"ACBU2","","Acarospora bullata Anzi","cracked lichen","Acarosporaceae"
"ACCA14","","Acarospora caesiofusca (Müll. Arg.) H. Magn.","cracked lichen","Acarosporaceae"
"ACCA15","","Acarospora californica Zahlbr.","California cracked lichen","Acarosporaceae"
"ACCA16","","Acarospora canadensis H. Magn.","Canada cracked lichen","Acarosporaceae"
"ACCA17","","Acarospora carnegiei Zahlbr.","Carnegie's cracked lichen","Acarosporaceae"
"ACFU2","ACCA19","Acarospora cartilaginea H. Magn.","","Acarosporaceae"
"ACCE","","Acarospora cervina A. Massal.","cracked lichen","Acarosporaceae"
"PLCH4","ACCH60","Acarospora chlorophana (Wahlenb.) A. Massal.","","Acarosporaceae"
"ACSC5","ACCH4","Acarospora chrysops (Tuck.) H. Magn.","","Acarosporaceae"
"ACCI2","","Acarospora cinereoalba (Fink) H. Magn.","cracked lichen","Acarosporaceae"
"ACCI4","","Acarospora citrina (Taylor) Zahlbr.","NULL","Acarosporaceae"
"ACCL6","","Acarospora clauzadeana (Llimona) Casares & Hafellner","NULL","Acarosporaceae"
"ACCO10","","Acarospora coloradiana H. Magn.","Colorado cracked lichen","Acarosporaceae"
"ACCO11","","Acarospora complanata H. Magn.","cracked lichen","Acarosporaceae"
"ACSC5","ACCO13","Acarospora contigua H. Magn.","","Acarosporaceae"
"ACDE9","","Acarospora desolata H. Magn.","cracked lichen","Acarosporaceae"
"ACDI4","","Acarospora dispersa H. Magn.","cracked lichen","Acarosporaceae"
"ACSC5","ACDI5","Acarospora dissipata H. Magn.","","Acarosporaceae"
"ACEL2","","Acarospora elevata H. Magn.","cracked lichen","Acarosporaceae"
"ACSC5","ACEP","Acarospora epilutescens Zahlbr.","","Acarosporaceae"
"PLCH4","ACER3","Acarospora erythrophora H. Magn.","","Acarosporaceae"
"ACSC5","ACEV","Acarospora evoluta H. Magn.","","Acarosporaceae"
"PLFL4","ACFL5","Acarospora flava (Bellardi) Ach.","","Acarosporaceae"
"ACFU2","","Acarospora fuscata (Schrad.) Arnold","cracked lichen","Acarosporaceae"
"ACFU3","","Acarospora fuscescens H. Magn.","cracked lichen","Acarosporaceae"
"ACGA2","","Acarospora gallica H. Magn.","Gallic cracked lichen","Acarosporaceae"
"ACGE4","","Acarospora geogena H. Magn.","cracked lichen","Acarosporaceae"
"ACGE4","ACGE6","Acarospora geophila H. Magn.","","Acarosporaceae"
"ACGL2","","Acarospora glaucocarpa (Ach.) Körb.","cracked lichen","Acarosporaceae"
"ACOL","ACGL3","Acarospora glebosa (Flotow) Körb.","","Acarosporaceae"
"ACHA3","","Acarospora hassei Herre","Hasse's cracked lichen","Acarosporaceae"
"ACHE6","","Acarospora heppii (Nageli ex Hepp) Nageli ex Körb.","Hepp's cracked lichen","Acarosporaceae"
"ACHE7","","Acarospora heufleriana Körb.","Heufler's cracked lichen","Acarosporaceae"
"ACHI6","","Acarospora hilaris (Dufour) Hue","cracked lichen","Acarosporaceae"
"ACIM2","","Acarospora immersa Fink","water cracked lichen","Acarosporaceae"
"ACIM3","","Acarospora impressula Th. Fr.","cracked lichen","Acarosporaceae"
"PLCH4","ACIN9","Acarospora incertula H. Magn.","","Acarosporaceae"
"ACIN5","","Acarospora instrata H. Magn.","cracked lichen","Acarosporaceae"
"ACSC5","ACIN10","Acarospora intercedens H. Magn.","","Acarosporaceae"
"ACIN6","","Acarospora interjecta H. Magn.","cracked lichen","Acarosporaceae"
"ACIN7","","Acarospora interposita H. Magn.","cracked lichen","Acarosporaceae"
"ACIN8","","Acarospora interspersa H. Magn.","cracked lichen","Acarosporaceae"
"POLA18","ACLA7","Acarospora lapponica (Ach. ex Schaerer) Th. Fr.","","Acarosporaceae"
"ACMA10","","Acarospora macrospora (Hepp) Bagl.","big spore cracked lichen","Acarosporaceae"
"ACMO6","","Acarospora molybdina (Wahlenb.) Trevis.","molybdenum cracked lichen","Acarosporaceae"
"ACRU5","ACMO7","Acarospora montana H. Magn.","","Acarosporaceae"
"ACNE7","","Acarospora nevadensis H. Magn.","Nevada cracked lichen","Acarosporaceae"
"ACNI6","","Acarospora nigromarginata de Lesd.","darkmargin cracked lichen","Acarosporaceae"
"ACNI7","","Acarospora nitida H. Magn.","cracked lichen","Acarosporaceae"
"ACNO6","","Acarospora nodulosa (Dufour) Hue","nodule cracked lichen","Acarosporaceae"
"ACNON","","Acarospora nodulosa (Dufour) Hue var. nodulosa","nodule cracked lichen","Acarosporaceae"
"ACRE7","ACNOR","Acarospora nodulosa (Dufour) Hue var. reagens (Zahlbr.) Clauzade & Cl. Roux","","Acarosporaceae"
"PLCH4","ACNO3","Acarospora novomexicana H. Magn.","","Acarosporaceae"
"ACOB4","","Acarospora obnubila H. Magn.","cracked lichen","Acarosporaceae"
"ACOB5","","Acarospora obpallens H. Magn.","cracked lichen","Acarosporaceae"
"ACCO11","ACOB6","Acarospora obscura H. Magn.","","Acarosporaceae"
"ACSC5","ACOC2","Acarospora ocellata H. Magn.","","Acarosporaceae"
"ACOL","","Acarospora oligospora (Nyl.) Arnold","cracked lichen","Acarosporaceae"
"PLFL4","ACOX2","Acarospora oxytona (Ach.) A. Massal.","","Acarosporaceae"
"ACPA7","","Acarospora particularis H. Magn.","particular cracked lichen","Acarosporaceae"
"ACPE6","","Acarospora peliscypha Th. Fr.","cracked lichen","Acarosporaceae"
"ACPE7","","Acarospora peltastica Zahlbr.","cracked lichen","Acarosporaceae"
"ACPY2","","Acarospora pyrenopsoides H. Magn.","cracked lichen","Acarosporaceae"
"ACRA4","","Acarospora radicata H. Magn.","cracked lichen","Acarosporaceae"
"ACRE7","","Acarospora reagens Zahlbr.","NULL","Acarosporaceae"
"ACSC5","ACRH2","Acarospora rhabarbarina Hue","","Acarosporaceae"
"ACSC5","ACRI5","Acarospora rimulosa H. Magn.","","Acarosporaceae"
"ACSC5","ACRU6","Acarospora rubicunda H. Magn.","","Acarosporaceae"
"ACSM2","ACRU7","Acarospora rufescens (Ach.) Bausch","","Acarosporaceae"
"ACRU5","","Acarospora rugulosa Körb.","cracked lichen","Acarosporaceae"
"ACSA6","","Acarospora saepincola H. Magn.","cracked lichen","Acarosporaceae"
"GLSC","ACSA7","Acarospora saxicola Fink","","Acarosporaceae"
"GLSC","ACSC7","Acarospora scabra (Pers.) Th. Fr.","","Acarosporaceae"
"ACSC4","","Acarospora scabrida Hedl. ex H. Magn.","cracked lichen","Acarosporaceae"
"ACSC5","","Acarospora schleicheri (Ach.) A. Massal.","Schleicher's cracked lichen","Acarosporaceae"
"ACSC6","","Acarospora scotica Hue","cracked lichen","Acarosporaceae"
"ACSI4","","Acarospora sinopica (Wahlenb.) Körb.","cracked lichen","Acarosporaceae"
"ACSM2","","Acarospora smaragdula (Wahlenb.) A. Massal.","cracked lichen","Acarosporaceae"
"ACSO2","","Acarospora socialis H. Magn.","cracked lichen","Acarosporaceae"
"ACSP6","","Acarospora sparsa H. Magn.","cracked lichen","Acarosporaceae"
"ACFU2","ACSQ2","Acarospora squamulosa (Schrad.) Trevis.","","Acarosporaceae"
"ACMA10","ACSQ","Acarospora squamulosa sensu Th. Fr.","","Acarosporaceae"
"ACST2","","Acarospora stapfiana (Müll. Arg.) Hue","cracked lichen","Acarosporaceae"
"LEST10","ACST4","Acarospora stenospora (Stizenb.) Hue","","Lecanoraceae"
"ACST3","","Acarospora strigata (Nyl.) Jatta","cracked lichen","Acarosporaceae"
"ACSC5","ACSU7","Acarospora subalbida H. Magn.","","Acarosporaceae"
"ACSC5","ACSU8","Acarospora subcontigua H. Magn.","","Acarosporaceae"
"POLA18","ACSU4","Acarospora subfuscescens (Nyl.) H. Magn.","","Acarosporaceae"
"ACSU5","","Acarospora succedens H. Magn.","cracked lichen","Acarosporaceae"
"ACSU6","","Acarospora superfusa H. Magn.","cracked lichen","Acarosporaceae"
"ACTE5","","Acarospora tenebrica H. Magn.","cracked lichen","Acarosporaceae"
"ACTE6","","Acarospora terricola H. Magn.","cracked lichen","Acarosporaceae"
"PLCH4","ACTE7","Acarospora texana H. Magn.","","Acarosporaceae"
"ACTH4","","Acarospora thamnina (Tuck.) Herre","cracked lichen","Acarosporaceae"
"ACTH5","","Acarospora thelococcoides (Nyl.) Zahlbr.","cracked lichen","Acarosporaceae"
"ACTH6","","Acarospora thermophila Herre","heatloving cracked lichen","Acarosporaceae"
"ACTO4","","Acarospora tongleti Hue","Tonglet's cracked lichen","Acarosporaceae"
"ACTU2","","Acarospora tucsonensis H. Magn.","Tucson cracked lichen","Acarosporaceae"
"ACUT","","Acarospora utahensis H. Magn.","Utah cracked lichen","Acarosporaceae"
"ACTO4","ACVA3","Acarospora variegata H. Magn.","","Acarosporaceae"
"ACVE4","","Acarospora veronensis A. Massal.","cracked lichen","Acarosporaceae"
"ACWA2","","Acarospora washingtonensis H. Magn.","Washington cracked lichen","Acarosporaceae"
"PLCH4","ACWE2","Acarospora weldensis H. Magn.","","Acarosporaceae"
"ACSC5","ACXA2","Acarospora xanthophana (Nyl.) Jatta","","Acarosporaceae"
"LOIM","ACME5","Acaulon megalosporum Grout","","Gigaspermaceae"
"ACAUL","","Acaulon Müll. Hal.","acaulon moss","Pottiaceae"
"ACMU5","","Acaulon muticum (Hedw.) Müll. Hal.","acaulon moss","Pottiaceae"
"ACMUM","","Acaulon muticum (Hedw.) Müll. Hal. var. muticum","acaulon moss","Pottiaceae"
"ACMUR","","Acaulon muticum (Hedw.) Müll. Hal. var. rufescens (A. Jaeger) H.A. Crum","acaulon moss","Pottiaceae"
"ACMUM","ACRU8","Acaulon rubrum Grout","","Pottiaceae"
"ACMUR","ACRU9","Acaulon rufescens A. Jaeger","","Pottiaceae"
"LOIM","ACRU10","Acaulon runyoni Grout","","Gigaspermaceae"
"ACSC8","","Acaulon schimperianum (Sull.) Sull.","Schimper's acaulon moss","Pottiaceae"
"ACTR4","","Acaulon triquetrum (Spruce) Müll. Hal.","acaulon moss","Pottiaceae"
"ACBA3","","Acer barbatum Michx.","southern sugar maple","Aceraceae"
"ACBA3","ACBAL","Acer barbatum Michx. var. longii (Fernald) Fernald","","Aceraceae"
"ACBA3","ACBAV","Acer barbatum Michx. var. villipes (Rehder) Ashe","","Aceraceae"
"ACGRS","ACBR","Acer brachypterum Woot. & Standl.","","Aceraceae"
"ACBU4","","Acer buergerianum Miq.","trident maple","Aceraceae"
"ACCA5","","Acer campestre L.","hedge maple","Aceraceae"
"ACRUT","ACCA9","Acer carolinianum Walter","","Aceraceae"
"ACCI","","Acer circinatum Pursh","vine maple","Aceraceae"
"ACCI5","","Acer cissifolium (Siebold & Zucc.) K. Koch","ivyleaf maple","Aceraceae"
"ACSA2","ACDA2","Acer dasycarpum Ehrh.","","Aceraceae"
"ACDI12","","Acer diabolicum Blume ex K. Koch [excluded]","NULL","Aceraceae"
"ACGLD3","ACDI","Acer diffusum Greene","","Aceraceae"
"ACGLD4","ACDO","Acer douglasii Hook.","","Aceraceae"
"ACRUD","ACDR","Acer drummondii Hook. & Arn. ex Nutt.","","Aceraceae"
"ACBA3","ACFL","Acer floridanum (Chapm.) Pax","","Aceraceae"
"ACBA3","ACFLL","Acer floridanum (Chapm.) Pax var. longii Fernald","","Aceraceae"
"ACBA3","ACFLV","Acer floridanum (Chapm.) Pax var. villipes Rehder","","Aceraceae"
"ACFR","","Acer ×freemanii A.E. Murray","Freeman maple","Aceraceae"
"ACGI","","Acer ginnala Maxim.","Amur maple","Aceraceae"
"ACGL","","Acer glabrum Torr.","Rocky Mountain maple","Aceraceae"
"ACGLD3","ACGLD","Acer glabrum Torr. ssp. diffusum (Greene) A.E. Murray","","Aceraceae"
"ACGLD4","ACGLD2","Acer glabrum Torr. ssp. douglasii (Hook.) Wesmael","","Aceraceae"
"ACGLN2","ACGLN","Acer glabrum Torr. ssp. neomexicanum (Greene) A.E. Murray","","Aceraceae"
"ACGLT2","ACGLT","Acer glabrum Torr. ssp. torreyi (Greene) A.E. Murray","","Aceraceae"
"ACGLD3","","Acer glabrum Torr. var. diffusum (Greene) Smiley","Rocky Mountain maple","Aceraceae"
"ACGLD4","","Acer glabrum Torr. var. douglasii (Hook.) Dippel","Douglas maple","Aceraceae"
"ACGLG2","","Acer glabrum Torr. var. glabrum","Rocky Mountain maple","Aceraceae"
"ACGLG","","Acer glabrum Torr. var. greenei Keller","Greene's maple","Aceraceae"
"ACGLN2","","Acer glabrum Torr. var. neomexicanum (Greene) Kearney & Peebles","New Mexico maple","Aceraceae"
"ACGLN2","ACGLP","Acer glabrum Torr. var. parviflorum A.E. Murray","","Aceraceae"
"ACGLT2","","Acer glabrum Torr. var. torreyi (Greene) Smiley","Torrey maple","Aceraceae"
"ACGLG2","ACGLT3","Acer glabrum Torr. var. tripartitum (Nutt. ex Torr. & A. Gray) Pax","","Aceraceae"
"ACGLG2","ACGLT4","Acer glabrum Torr. var. typicum (Wesmael) Keller","","Aceraceae"
"ACGR3","","Acer grandidentatum Nutt.","bigtooth maple","Aceraceae"
"ACGRS","ACGRB","Acer grandidentatum Nutt. var. brachypterum (Woot. & Standl.) Palmer","","Aceraceae"
"ACGRG","","Acer grandidentatum Nutt. var. grandidentatum","bigtooth maple","Aceraceae"
"ACGRS","","Acer grandidentatum Nutt. var. sinuosum (Rehder) Little","canyon maple","Aceraceae"
"ACGR14","","Acer griseum (Franch.) Pax","paperbark maple","Aceraceae"
"ACNEI2","ACIN3","Acer interius Britton","","Aceraceae"
"ACJA2","","Acer japonicum Thurb.","Amur maple","Aceraceae"
"ACER","","Acer L.","maple","Aceraceae"
"ACLE","","Acer leucoderme Small","chalk maple","Aceraceae"
"ACMA3","","Acer macrophyllum Pursh","bigleaf maple","Aceraceae"
"ACNE2","","Acer negundo L.","boxelder","Aceraceae"
"ACNEC2","ACNEC","Acer negundo L. ssp. californicum (Torr. & A. Gray) Wesmael","","Aceraceae"
"ACNEI2","ACNEI","Acer negundo L. ssp. interius (Britton) Á. Löve & D. Löve","","Aceraceae"
"ACNET","ACNEL","Acer negundo L. ssp. latifolium (Pax) Schwerin","","Aceraceae"
"ACNEA","","Acer negundo L. var. arizonicum Sarg.","Arizona boxelder","Aceraceae"
"ACNEC2","","Acer negundo L. var. californicum (Torr. & A. Gray) Sarg.","California boxelder","Aceraceae"
"ACNEI2","","Acer negundo L. var. interius (Britton) Sarg.","boxelder","Aceraceae"
"ACNEN","","Acer negundo L. var. negundo","boxelder","Aceraceae"
"ACNET","","Acer negundo L. var. texanum Pax","boxelder","Aceraceae"
"ACNEN","ACNEV2","Acer negundo L. var. variegatum Jacques","","Aceraceae"
"ACNEV","","Acer negundo L. var. violaceum (G. Kirchn.) H. Jaeger","boxelder","Aceraceae"
"ACGLN2","ACNE6","Acer neomexicanum Greene","","Aceraceae"
"ACNI5","","Acer nigrum Michx. f.","black maple","Aceraceae"
"ACBA3","ACNIF","Acer nigrum Michx. f. var. floridanum (Chapm.) Fosberg","","Aceraceae"
"ACSAS","ACNIG","Acer nigrum Michx. f. var. glaucum (F. Schmidt) Fosberg","","Aceraceae"
"ACLE","ACNIL","Acer nigrum Michx. f. var. leucoderme (Small) Fosberg","","Aceraceae"
"ACNI5","ACNIP","Acer nigrum Michx. f. var. palmeri Sarg.","","Aceraceae"
"ACSAS","ACNIS2","Acer nigrum Michx. f. var. saccharophorum (K. Koch) R.T. Clausen","","Aceraceae"
"ACOPO","ACOB7","Acer obtusatum Waldst. & Kit. ex Willd.","","Aceraceae"
"ACOP3","","Acer opalus Mill.","NULL","Aceraceae"
"ACOPO","","Acer opalus Mill. ssp. obtusatum (Waldst. & Kit. ex Willd.) Gams","NULL","Aceraceae"
"ACPA2","","Acer palmatum Thunb.","Japanese maple","Aceraceae"
"ACPE","","Acer pensylvanicum L.","striped maple","Aceraceae"
"ACPL","","Acer platanoides L.","Norway maple","Aceraceae"
"ACPL","ACPLS","Acer platanoides L. var. schwedleri G. Nicholson","","Aceraceae"
"ACPS","","Acer pseudoplatanus L.","sycamore maple","Aceraceae"
"ACRU","","Acer rubrum L.","red maple","Aceraceae"
"ACRUD","ACRUD2","Acer rubrum L. ssp. drummondii (Hook. & Arn. ex Nutt.) A.E. Murray","","Aceraceae"
"ACRUD","","Acer rubrum L. var. drummondii (Hook. & Arn. ex Nutt.) Sarg.","Drummond's maple","Aceraceae"
"ACRUR","","Acer rubrum L. var. rubrum","red maple","Aceraceae"
"ACRUR","ACRUT2","Acer rubrum L. var. tomentosum Tausch","","Aceraceae"
"ACRUT","ACRUT3","Acer rubrum L. var. tridens Alph. Wood","","Aceraceae"
"ACRUT","","Acer rubrum L. var. trilobum Torr. & A. Gray ex K. Koch","red maple","Aceraceae"
"ACSA2","","Acer saccharinum L.","silver maple","Aceraceae"
"ACBA3","ACSAF2","Acer saccharinum L. var. floridanum Chapm.","","Aceraceae"
"ACSA2","ACSAL3","Acer saccharinum L. var. laciniatum Pax","","Aceraceae"
"ACSA2","ACSAW","Acer saccharinum L. var. wieri Rehder","","Aceraceae"
"ACSA3","","Acer saccharum Marshall","sugar maple","Aceraceae"
"ACGRS","ACSAB","Acer saccharum Marshall ssp. brachypterum (Woot. & Standl.) A.E. Murray","","Aceraceae"
"ACBA3","ACSAF","Acer saccharum Marshall ssp. floridanum (Chapm.) Desmarais","","Aceraceae"
"ACGRG","ACSAG2","Acer saccharum Marshall ssp. grandidentatum (Nutt.) Desmarais","","Aceraceae"
"ACLE","ACSAL","Acer saccharum Marshall ssp. leucoderme (Small) Desmarais","","Aceraceae"
"ACNI5","ACSAN","Acer saccharum Marshall ssp. nigrum (Michx. f.) Desmarais","","Aceraceae"
"ACSAS2","ACSAO","Acer saccharum Marshall ssp. ozarkense A.E. Murray","","Aceraceae"
"ACSAS2","ACSAS4","Acer saccharum Marshall ssp. schneckii (Rehder) Desmarais","","Aceraceae"
"ACBA3","ACSAF3","Acer saccharum Marshall var. floridanum (Chapm.) Small & A. Heller","","Aceraceae"
"ACSAS","ACSAG","Acer saccharum Marshall var. glaucum (F. Schmidt) Sarg.","","Aceraceae"
"ACGRG","ACSAG3","Acer saccharum Marshall var. grandidentatum (Nutt.) Sudw.","","Aceraceae"
"ACLE","ACSAL2","Acer saccharum Marshall var. leucoderme (Small) Rehder","","Aceraceae"
"ACNI5","ACSAN2","Acer saccharum Marshall var. nigrum (Michx. f.) Britton","","Aceraceae"
"ACSAS","ACSAR","Acer saccharum Marshall var. rugellii (Pax) Rehder","","Aceraceae"
"ACSAS","","Acer saccharum Marshall var. saccharum","sugar maple","Aceraceae"
"ACSAS2","","Acer saccharum Marshall var. schneckii Rehder","sugar maple","Aceraceae"
"ACGRS","ACSAS3","Acer saccharum Marshall var. sinuosum (Rehder) Sarg.","","Aceraceae"
"ACNI5","ACSAV","Acer saccharum Marshall var. viride (Schmidt) A.E. Murray","","Aceraceae"
"ACSE12","","Acer ×senecaense Slavin [excluded]","NULL","Aceraceae"
"ACGRS","ACSI3","Acer sinuosum Rehder","","Aceraceae"
"ACSP2","","Acer spicatum Lam.","mountain maple","Aceraceae"
"ACRUR","ACST","Acer stenocarpum Britton","","Aceraceae"
"ACTA80","","Acer tataricum L.","tatarian maple","Aceraceae"
"ACGI","ACTAG","Acer tataricum L. ssp. ginnala (Maxim.) Wesmael","","Aceraceae"
"ACTAT2","","Acer tataricum L. var. torminaloides Pax","NULL","Aceraceae"
"ACGLT2","ACTO2","Acer torreyi Greene","","Aceraceae"
"ACGLG2","ACTR3","Acer tripartitum Nutt. ex Torr. & A. Gray","","Aceraceae"
"ASST","ACAN6","Acerates angustifolia (Nutt.) Decne.","","Asclepiadaceae"
"ASEN","ACAU5","Acerates auriculata Engelm. ex Torr.","","Asclepiadaceae"
"ASLO","ACDE7","Acerates delticola Small","","Asclepiadaceae"
"ASLO","ACFL4","Acerates floridana (Lam.) Hitchc.","","Asclepiadaceae"
"ASHI","ACHI5","Acerates hirtella Pennell","","Asclepiadaceae"
"ASLA3","ACLA4","Acerates lanuginosa (Nutt.) Decne.","","Asclepiadaceae"
"ASLO","ACLO5","Acerates longifolia (Michx.) Elliott","","Asclepiadaceae"
"ASVI","ACVI4","Acerates viridiflora (Raf.) Pursh ex Eaton","","Asclepiadaceae"
"ASVI","ACVII","Acerates viridiflora (Raf.) Pursh ex Eaton var. ivesii Britton","","Asclepiadaceae"
"ASVI","ACVIL","Acerates viridiflora (Raf.) Pursh ex Eaton var. linearis A. Gray","","Asclepiadaceae"
"RUACA2","ACAL8","Acetosa alpestris (Jacq.) Á. Löve","","Polygonaceae"
"RULA9","ACALL","Acetosa alpestris (Jacq.) Á. Löve ssp. lapponica (Hiitonen) Á. Löve","","Polygonaceae"
"RUPAG2","ACGR7","Acetosa gracilescens (Rech. f.) Á. Löve & Evenson","","Polygonaceae"
"RULA9","ACLA13","Acetosa lapponica (Hiitonen) Holub","","Polygonaceae"
"RUOB","ACOB3","Acetosa oblongifolia (L.) Á. Löve & D. Löve","","Polygonaceae"
"RUACA2","ACPRA","Acetosa pratensis Mill. ssp. alpestris (Jacq.) Á. Löve","","Polygonaceae"
"RUAC3","ACAC5","Acetosella acetosella (L.) Small","","Polygonaceae"
"OXCO","ACCO7","Acetosella corniculata (L.) Kuntze","","Oxalidaceae"
"RUGR2","ACGR6","Acetosella graminifolia (Georgi ex Lamb.) Á. Löve","","Polygonaceae"
"RUPAP","ACPA6","Acetosella paucifolia (Nutt.) Á. Löve","","Polygonaceae"
"RUAC3","ACTE3","Acetosella tenuifolia (Wallr.) Á. Löve","","Polygonaceae"
"RUAC3","ACVU","Acetosella vulgaris Fourr.","","Polygonaceae"
"ERVE13","ACCH3","Achaetogeron chihuahuensis Larsen","","Asteraceae"
"ERVE13","ACVE7","Achaetogeron versicolor Greenm.","","Asteraceae"
"ACAE2","","Achillea aegyptiaca L.","NULL","Asteraceae"
"ACAG","","Achillea ageratifolia (Sm.) Boiss.","yarrow","Asteraceae"
"ACAG3","","Achillea ageratum L.","sweet-Nancy","Asteraceae"
"ACMIA","ACAL11","Achillea alpicola (Rydb.) Rydb.","","Asteraceae"
"ACAL17","","Achillea alpina L.","Chinese yarrow","Asteraceae"
"ACMIO","ACAN7","Achillea angustissima Rydb.","","Asteraceae"
"ACMIA2","ACAR6","Achillea arenicola A. Heller","","Asteraceae"
"ACMIO","ACAS2","Achillea aspleniifolia auct. non Vent.","","Asteraceae"
"ACBI6","","Achillea biserrata M. Bieb.","NULL","Asteraceae"
"ACMIB","ACBO","Achillea borealis Bong.","","Asteraceae"
"ACMIA2","ACBOA","Achillea borealis Bong. ssp. arenicola (A. Heller) D.D. Keck","","Asteraceae"
"ACMIC","ACBOC","Achillea borealis Bong. ssp. californica (Pollard) D.D. Keck","","Asteraceae"
"ACMIB","ACBOT","Achillea borealis Bong. ssp. typica D.D. Keck","","Asteraceae"
"ACMIA2","ACBOA2","Achillea borealis Bong. var. arenicola (A. Heller) J.T. Howell","","Asteraceae"
"ACMIC","ACBOC2","Achillea borealis Bong. var. californica (Pollard) J.T. Howell","","Asteraceae"
"ACMIC","ACCA7","Achillea californica Pollard","","Asteraceae"
"ACCA29","","Achillea cartilaginea Ledeb. ex Rchb.","NULL","Asteraceae"
"ACCH6","","Achillea chrysocoma Friv.","NULL","Asteraceae"
"ACCL3","","Achillea clavennae L.","NULL","Asteraceae"
"ACCL4","","Achillea clusiana Tausch","NULL","Asteraceae"
"ACCL5","","Achillea clypeolata Sm.","NULL","Asteraceae"
"ACCO19","","Achillea collina Becker ex Rchb.","NULL","Asteraceae"
"ACCO20","","Achillea conferta DC.","NULL","Asteraceae"
"ACCR3","","Achillea crithmifolia Waldst. & Kit.","NULL","Asteraceae"
"ACDI6","ACDE10","Achillea dentifera DC.","","Asteraceae"
"ACDI6","","Achillea distans Waldst. & Kit. ex Willd.","Alps yarrow","Asteraceae"
"ACDIT","","Achillea distans Waldst. & Kit. ex Willd. ssp. tanacetifolia (All.) Janch.","NULL","Asteraceae"
"ACMIO","ACER2","Achillea eradiata Piper","","Asteraceae"
"ACER7","","Achillea erba-rotta All.","NULL","Asteraceae"
"ACERR","","Achillea erba-rotta All. ssp. rupestris (Porta) I. Richardson","NULL","Asteraceae"
"ACFI","","Achillea filipendulina Lam.","fernleaf yarrow","Asteraceae"
"ACMIA","ACFU","Achillea fusca Rydb.","","Asteraceae"
"ACMIG","ACGI2","Achillea gigantea Pollard","","Asteraceae"
"ACMIO","ACGR5","Achillea gracilis Raf.","","Asteraceae"
"ACGR12","","Achillea grandifolia Friv.","NULL","Asteraceae"
"ACIM6","","Achillea impatiens L.","NULL","Asteraceae"
"ACHIL","","Achillea L.","yarrow","Asteraceae"
"ACMIO","ACLA5","Achillea lanulosa Nutt.","","Asteraceae"
"ACMIA","ACLAA","Achillea lanulosa Nutt. ssp. alpicola (Rydb.) D.D. Keck","","Asteraceae"
"ACMIO","ACLAT","Achillea lanulosa Nutt. ssp. typica D.D. Keck","","Asteraceae"
"ACMIA","ACLAA2","Achillea lanulosa Nutt. var. alpicola Rydb.","","Asteraceae"
"ACMIO","ACLAA3","Achillea lanulosa Nutt. var. arachnoidea Lunell","","Asteraceae"
"ACMIO","ACLAE","Achillea lanulosa Nutt. var. eradiata (Piper) M. Peck","","Asteraceae"
"ACMIO","ACLA3","Achillea laxiflora Pollard & Cockerell","","Asteraceae"
"ACLI2","","Achillea ligustica All.","Ligurian yarrow","Asteraceae"
"ACLI7","","Achillea lingulata Waldst. & Kit.","NULL","Asteraceae"
"ACMA15","","Achillea macrocephala Rupr.","NULL","Asteraceae"
"ACMA13","","Achillea macrophylla L.","NULL","Asteraceae"
"ACMIM2","ACMA14","Achillea magna auct.","","Asteraceae"
"ACMI2","","Achillea millefolium L.","common yarrow","Asteraceae"
"ACMIB","ACMIA3","Achillea millefolium L. ssp. atrotegula B. Boivin","","Asteraceae"
"ACMIB","ACMIB2","Achillea millefolium L. ssp. borealis (Bong.) Breitung","","Asteraceae"
"ACMIO","ACMIL","Achillea millefolium L. ssp. lanulosa (Nutt.) Piper","","Asteraceae"
"ACMIO","ACMIO2","Achillea millefolium L. ssp. occidentalis (DC.) Hyl.","","Asteraceae"
"ACMIO","ACMIP5","Achillea millefolium L. ssp. pallidotegula B. Boivin","","Asteraceae"
"ACMIA","","Achillea millefolium L. var. alpicola (Rydb.) Garrett","common yarrow","Asteraceae"
"ACMIA2","","Achillea millefolium L. var. arenicola (A. Heller) Nobs","common yarrow","Asteraceae"
"ACMIO","ACMIA4","Achillea millefolium L. var. aspleniifolia (Vent.) Farw.","","Asteraceae"
"ACMIB","","Achillea millefolium L. var. borealis (Bong.) Farw.","boreal yarrow","Asteraceae"
"ACMIC","","Achillea millefolium L. var. californica (Pollard) Jeps.","California yarrow","Asteraceae"
"ACMIB","ACMIF2","Achillea millefolium L. var. fulva B. Boivin","","Asteraceae"
"ACMIA","ACMIF","Achillea millefolium L. var. fusca (Rydb.) G.N. Jones","","Asteraceae"
"ACMIG","","Achillea millefolium L. var. gigantea (Pollard) Nobs","giant yarrow","Asteraceae"
"ACMIO","ACMIG2","Achillea millefolium L. var. gracilis (Raf.) Raf. ex DC.","","Asteraceae"
"ACMIO","ACMIL3","Achillea millefolium L. var. lanulosa (Nutt.) Piper","","Asteraceae"
"ACMIL2","","Achillea millefolium L. var. litoralis Ehrend. ex Nobs","coast yarrow","Asteraceae"
"ACMIA2","ACMIM4","Achillea millefolium L. var. maritima Jeps.","","Asteraceae"
"ACMIM5","","Achillea millefolium L. var. megacephala (Raup) B. Boivin","NULL","Asteraceae"
"ACMIM2","","Achillea millefolium L. var. millefolium","common yarrow","Asteraceae"
"ACMIN","","Achillea millefolium L. var. nigrescens E. Mey.","common yarrow","Asteraceae"
"ACMIO","","Achillea millefolium L. var. occidentalis DC.","western yarrow","Asteraceae"
"ACMIP","","Achillea millefolium L. var. pacifica (Rydb.) G.N. Jones","Pacific yarrow","Asteraceae"
"ACMIB","ACMIP3","Achillea millefolium L. var. parviligula B. Boivin","","Asteraceae"
"ACMIB","ACMIP4","Achillea millefolium L. var. parvula B. Boivin","","Asteraceae"
"ACMIP2","","Achillea millefolium L. var. puberula (Rydb.) Nobs","common yarrow","Asteraceae"
"ACMIO","ACMIR","Achillea millefolium L. var. rosea (Desf.) Torr. & A. Gray","","Asteraceae"
"ACMIO","ACMIR2","Achillea millefolium L. var. russeolata B. Boivin","","Asteraceae"
"ACSI","ACMU3","Achillea multiflora Hook.","","Asteraceae"
"ACMIN","ACNI4","Achillea nigrescens (E. Mey.) Rydb.","","Asteraceae"
"ACNO","","Achillea nobilis L.","noble yarrow","Asteraceae"
"ACMIO","ACOC","Achillea occidentalis (DC.) Raf. ex Rydb.","","Asteraceae"
"ACOD2","","Achillea odorata L.","NULL","Asteraceae"
"ACMIP","ACPA5","Achillea pacifica Rydb.","","Asteraceae"
"ACPA11","","Achillea pannonica Scheele","NULL","Asteraceae"
"ACPT","","Achillea ptarmica L.","sneezeweed","Asteraceae"
"ACMA15","ACPTM","Achillea ptarmica L. ssp. macrocephala (Rupr.) Heimerl","","Asteraceae"
"ACMIP2","ACPU2","Achillea puberula Rydb.","","Asteraceae"
"ACPY5","","Achillea pyrenaica Sibth. ex Godr.","NULL","Asteraceae"
"ACMIO","ACRO4","Achillea rosea Desf.","","Asteraceae"
"ACERR","ACRU13","Achillea rupestris Porta","","Asteraceae"
"ACSE10","","Achillea setacea Waldst. & Kit.","NULL","Asteraceae"
"ACSI","","Achillea sibirica Ledeb.","Siberian yarrow","Asteraceae"
"ACMIA","ACSU3","Achillea subalpina Greene","","Asteraceae"
"ACDIT","ACTA2","Achillea tanacetifolia All.","","Asteraceae"
"ACAE2","ACTA3","Achillea taygetea Boiss. & Heldr.","","Asteraceae"
"ACMIO","ACTO3","Achillea tomentosa Pursh, non L.","","Asteraceae"
"ACUM","","Achillea umbellata Sm.","NULL","Asteraceae"
"ACCA6","","Achlys californica I. Fukuda & H.G. Baker","deer's foot","Berberidaceae"
"ACHLY","","Achlys DC.","achlys","Berberidaceae"
"ACTR","","Achlys triphylla (Sm.) DC.","sweet after death","Berberidaceae"
"ACTR","ACTRT","Achlys triphylla (Sm.) DC. ssp. triphylla","","Berberidaceae"
"ACAR14","","Achnatherum aridum (M.E. Jones) Barkworth","Mormon needlegrass","Poaceae"
"ACBL","","Achnatherum ×bloomeri (Bol.) Barkworth","NULL","Poaceae"
"ACBR5","","Achnatherum brachychaetum (Godr.) Barkworth","shortbristled needlegrass","Poaceae"
"ACBR6","","Achnatherum bromoides (L.) P. Beauv.","NULL","Poaceae"
"ACCA30","","Achnatherum calamagrostis (L.) P. Beauv.","NULL","Poaceae"
"ACCA34","","Achnatherum capense (Thunb.) P. Beauv.","Cape ricegrass","Poaceae"
"ACCA36","","Achnatherum caragana (Trin.) Nevski","NULL","Poaceae"
"ACCA31","","Achnatherum caudatum (Trin.) S.L.W. Jacobs & J. Everett","Chilean ricegrass","Poaceae"
"ACCL7","","Achnatherum clandestinum (Hack.) Barkworth","Mexican ricegrass","Poaceae"
"ACCO22","","Achnatherum contractum (B.L. Johnson) Barkworth","contracted ricegrass","Poaceae"
"ACCO21","","Achnatherum coronatum (Thurb.) Barkworth","giant ricegrass","Poaceae"
"ACCU6","","Achnatherum curvifolium (Swallen) Barkworth","Guadalupe ricegrass","Poaceae"
"ACDI10","","Achnatherum diegoense (Swallen) Barkworth","San Diego needlegrass","Poaceae"
"ACEM4","","Achnatherum eminens (Cav.) Barkworth","southwestern needlegrass","Poaceae"
"ACHE10","","Achnatherum hendersonii (Vasey) Barkworth","Henderson's needlegrass","Poaceae"
"ACHY","","Achnatherum hymenoides (Roem. & Schult.) Barkworth","Indian ricegrass","Poaceae"
"ACLA8","","Achnatherum latiglume (Swallen) Barkworth","Sierra needlegrass","Poaceae"
"ACLE8","","Achnatherum lemmonii (Vasey) Barkworth","Lemmon's needlegrass","Poaceae"
"ACLEL","ACLEL2","Achnatherum lemmonii (Vasey) Barkworth ssp. lemmonii","","Poaceae"
"ACLEP","ACLEP2","Achnatherum lemmonii (Vasey) Barkworth ssp. pubescens (Crampton) Barkworth","","Poaceae"
"ACLEL","","Achnatherum lemmonii (Vasey) Barkworth var. lemmonii","Lemmon's needlegrass","Poaceae"
"ACLEP","","Achnatherum lemmonii (Vasey) Barkworth var. pubescens (Crampton) Barkworth","pubescent Lemmon's needlegrass","Poaceae"
"ACLE9","","Achnatherum lettermanii (Vasey) Barkworth","Letterman's needlegrass","Poaceae"
"ACLO7","","Achnatherum lobatum (Swallen) Barkworth","littleawn needlegrass","Poaceae"
"ACNE9","","Achnatherum nelsonii (Scribn.) Barkworth","Columbia needlegrass","Poaceae"
"ACNED","","Achnatherum nelsonii (Scribn.) Barkworth ssp. dorei (Barkworth & Maze) Barkworth","Dore's needlegrass","Poaceae"
"ACOCC","ACNEL2","Achnatherum nelsonii (Scribn.) Barkworth ssp. longiaristatum (Barkworth & Maze) Barkworth","","Poaceae"
"ACNEN2","","Achnatherum nelsonii (Scribn.) Barkworth ssp. nelsonii","Columbia needlegrass","Poaceae"
"ACNED","ACNED2","Achnatherum nelsonii (Scribn.) Barkworth var. dorei (Barkworth & Maze) Dorn","","Poaceae"
"ACNE10","","Achnatherum nevadense (B.L. Johnson) Barkworth","Nevada needlegrass","Poaceae"
"ACOC3","","Achnatherum occidentale (Thurb.) Barkworth","western needlegrass","Poaceae"
"ACOCC","","Achnatherum occidentale (Thurb.) Barkworth ssp. californicum (Merr. & Burtt Davy) Barkworth","California needlegrass","Poaceae"
"ACOCO","","Achnatherum occidentale (Thurb.) Barkworth ssp. occidentale","western needlegrass","Poaceae"
"ACOCP","","Achnatherum occidentale (Thurb.) Barkworth ssp. pubescens (Vasey) Barkworth","pubescent western needlegrass","Poaceae"
"ACHNA","","Achnatherum P. Beauv.","needlegrass","Poaceae"
"JAPL","ACPA12","Achnatherum papposum (Nees) Barkworth","","Poaceae"
"ACPA13","","Achnatherum parishii (Vasey) Barkworth","Parish's needlegrass","Poaceae"
"ACPAD","","Achnatherum parishii (Vasey) Barkworth var. depauperatum (M.E. Jones) Barkworth","little Parish's needlegrass","Poaceae"
"ACPAP","","Achnatherum parishii (Vasey) Barkworth var. parishii","Parish's needlegrass","Poaceae"
"ACPE12","","Achnatherum pekinense (Hance) Ohwi","NULL","Poaceae"
"ACPE13","","Achnatherum perplexum Hoge & Barkworth","New Mexico needlegrass","Poaceae"
"ACPI2","","Achnatherum pinetorum (M.E. Jones) Barkworth","pine needlegrass","Poaceae"
"ACRI8","","Achnatherum richardsonii (Link) Barkworth","Richardson's needlegrass","Poaceae"
"ACRO7","","Achnatherum robustum (Vasey) Barkworth","sleepygrass","Poaceae"
"ACSC11","","Achnatherum scribneri (Vasey) Barkworth","Scribner needlegrass","Poaceae"
"ACSP12","","Achnatherum speciosum (Trin. & Rupr.) Barkworth","desert needlegrass","Poaceae"
"ACSP8","","Achnatherum splendens (Trin.) Nevski","NULL","Poaceae"
"ACST7","","Achnatherum stillmanii (Bol.) Barkworth","Stillman's needlegrass","Poaceae"
"ACSW3","","Achnatherum swallenii (C.L. Hitchc. & Spellenb.) Barkworth","Swallen's needlegrass","Poaceae"
"ACTH7","","Achnatherum thurberianum (Piper) Barkworth","Thurber's needlegrass","Poaceae"
"ACWA4","","Achnatherum wallowaensis Maze & K.A. Robson","Wallowa needlegrass","Poaceae"
"ACWE3","","Achnatherum webberi (Thurb.) Barkworth","Webber needlegrass","Poaceae"
"ACHNE","","×Achnella Barkworth","ricegrass","Poaceae"
"ACCA32","","×Achnella caduca (Beal) Barkworth","Mandan ricegrass","Poaceae"
"MAJAE","ACEM3","Achras emarginata (L.) Little","","Sapotaceae"
"MAZA","ACMA8","Achras mammosa L., nom. illeg.","","Sapotaceae"
"MAZA","ACZA2","Achras zapota L.","","Sapotaceae"
"SMBOK","ACKO3","Achroschizocarpus kolianus Gombócz","","Brassicaceae"
"ACMO2","","Achyrachaena mollis Schauer","blow wives","Asteraceae"
"ACHYR","","Achyrachaena Schauer","blow wives","Asteraceae"
"CHAL10","ACAL4","Achyranthes altissima Jacq.","","Amaranthaceae"
"ACAS","","Achyranthes aspera L.","devil's horsewhip","Amaranthaceae"
"ACASA","","Achyranthes aspera L. var. aspera","devil's horsewhip","Amaranthaceae"
"ACASP","","Achyranthes aspera L. var. pubescens (Moq.) Townsend","devil's horsewhip","Amaranthaceae"
"ACAT","","Achyranthes atollensis H. St. John","Hawai'i chaff flower","Amaranthaceae"
"ALBE","ACBE3","Achyranthes bettzichiana (Regel) Standl.","","Amaranthaceae"
"ACBI9","","Achyranthes bidentata Blume [excluded]","NULL","Amaranthaceae"
"ALBR5","ACBR2","Achyranthes brasiliana (L.) Standl.","","Amaranthaceae"
"ACCA37","","Achyranthes canescens R. Br.","NULL","Amaranthaceae"
"ALBE","ACFIB","Achyranthes ficoidea (L.) Lam. ssp. bettzichiana (Regel) Baker","","Amaranthaceae"
"ALFI8","ACFI2","Achyranthes ficoidea auct. non (L.) Lam.","","Amaranthaceae"
"ACASA","ACIN4","Achyranthes indica (L.) Mill.","","Amaranthaceae"
"ACJA","","Achyranthes japonica (Miq.) Nakai","Japanese chaff flower","Amaranthaceae"
"ACJAH","","Achyranthes japonica (Miq.) Nakai var. hachijoensis Honda","Japanese chaff flower","Amaranthaceae"
"ACHYR2","","Achyranthes L.","chaff flower","Amaranthaceae"
"ALPU3","ACLE5","Achyranthes leiantha (Seub.) Standl.","","Amaranthaceae"
"ALMA10","ACMA6","Achyranthes maritima (Mart.) Standl.","","Amaranthaceae"
"ACMU2","","Achyranthes mutica A. Gray","blunt chaff flower","Amaranthaceae"
"ACMU2","ACNE3","Achyranthes nelsonii H. St. John","","Amaranthaceae"
"ALPAP","ACPA4","Achyranthes paronychioides auct. non (L.) Lam.","","Amaranthaceae"
"ALCA5","ACPE3","Achyranthes peploides (Humb. & Bonpl. ex Schult.) Britton & P. Wilson","","Amaranthaceae"
"ALPH","ACPH","Achyranthes philoxeroides (Mart.) Standl.","","Amaranthaceae"
"ALCR8","ACPO5","Achyranthes portoricensis (Kuntze) Standl.","","Amaranthaceae"
"CYPR10","ACPR2","Achyranthes prostrata L.","","Amaranthaceae"
"ALFL","ACRA2","Achyranthes ramosissima auct. non (Mart.) Standl.","","Amaranthaceae"
"ALPU3","ACRE5","Achyranthes repens L.","","Amaranthaceae"
"ALSE4","ACSE4","Achyranthes sessilis (L.) Desf. ex Steud.","","Amaranthaceae"
"ACSP3","","Achyranthes splendens Mart. ex Moq.","Maui chaff flower","Amaranthaceae"
"ACSPR2","ACSPR","Achyranthes splendens Mart. ex Moq. var. reflecta Hillebr.","","Amaranthaceae"
"ACSPR2","","Achyranthes splendens Mart. ex Moq. var. rotundata Hillebr.","Maui chaff flower","Amaranthaceae"
